proj_id,fund_code,management,retail_type,term_flag
M0008_2537,RKF4,AM,R,N
M0009_2543,K-FEQ,AM,R,N
M0014_2536,K-SELECT,AM,R,N
M0017_2538,K-FIXED,SM,R,N
M0017_2539,RKMM,-,R,N
M0021_2538,RKBC,SM,R,N
M0022_2538,RKBF,-,R,N
M0023_2538,K-VALUE,AM,R,N
M0027_2535,K-EQUITY,AM,R,N
M0028_2537,RKF-HI2,AM,R,N
M0030_2559,K-MVEQ,OT,R,N
M0031_2539,RKFDC,-,R,N
M0032_2539,RKMMD,-,R,N
M0032_2553,K-MINING,-,R,N
M0036_2536,RKF2,AM,R,N
M0037_2536,K-STEQ,AM,R,N
M0038_2536,K-STADE,AM,R,N
M0038_2559,K-SFPLUS,SM,R,N
M0045_2561,K-EUSMALL,OT,R,N
M0054_2560,K-FIXEDPLUS,SM,R,N
M0059_2554,K-INDIA,OT,R,N
M0061_2544,KFLRMF,AM,R,N
M0062_2544,KBLRMF,AM,R,N
M0063_2544,KSFRMF,SM,R,N
M0064_2544,KGBRMF,SM,R,N
M0064_2559,K-USA(UH),OT,R,N
M0065_2544,KFIRMF,SM,R,N
M0066_2560,K-SEMQ,OT,R,N
M0070_2557,K-GB,OT,R,N
M0074_2558,K-JPX,OT,R,N
M0080_2545,K-GA,OT,R,N
M0093_2557,K-JAPAN,-,R,N
M0118_2550,RG03,-,R,N
M0118_2561,K-VIETNAM,AM,R,N
M0129_2550,RG04,-,R,N
M0131_2562,K-CHANGE,OT,R,N
M0144_2549,RG05,-,R,N
M0154_2541,K-CBOND,SM,R,N
M0159_2549,K-STAR,AM,R,N
M0159_2555,K-USA,OT,R,N
M0161_2563,K-SUPSTAR-SSFX,AM,R,N
M0168_2554,K-GB,-,R,N
M0175_2549,RG06,-,R,N
M0178_2549,RG07,-,R,N
M0179_2549,R0107A,-,R,N
M0180_2549,R0107B,-,R,N
M0191_2545,RKSF,-,R,N
M0192_2559,KGIFRMF,OT,R,N
M0202_2549,R0107C,-,R,N
M0203_2549,R0107D,-,R,N
M0204_2549,K-GLOBE,AM,R,N
M0208_2550,K-2500,AM,R,N
M0208_2556,K-ASIA,OT,R,N
M0209_2550,K-2510,AM,R,N
M0210_2550,K-2520,AM,R,N
M0211_2550,K-2530,AM,R,N
M0212_2550,KSDLTF,AM,R,N
M0216_2550,GOLDPF,-,R,N
M0217_2549,R0208B,-,R,N
M0217_2558,K-GINCOME,OT,R,N
M0218_2549,R0309A,-,R,N
M0219_2549,R0309B,-,R,N
M0220_2549,RG09,-,R,N
M0237_2552,K-OIL,OT,R,N
M0253_2549,RG09B,-,R,N
M0253_2558,K-INDX,OT,R,N
M0254_2549,R0309C,-,R,N
M0254_2550,KGLTF,AM,R,N
M0255_2549,R0410,-,R,N
M0262_2550,K20SLTF,AM,R,N
M0264_2551,K-ALEN,-,R,N
M0265_2547,KEQLTF,AM,R,N
M0267_2549,RG10,-,R,N
M0274_2560,K-FITS,SM,R,N
M0279_2550,MJLF,-,R,N
M0279_2557,K-MIDSMALL,AM,R,N
M0279_2560,K-FITM,SM,R,N
M0281_2560,K-FITL,SM,R,N
M0282_2560,K-FITXL,SM,R,N
M0289_2556,KPNPF,-,R,N
M0295_2549,RG11A,-,R,N
M0296_2549,R0511A,-,R,N
M0304_2558,K-SGM,AM,R,N
M0315_2547,KDLTF,AM,R,N
M0327_2549,RG11B,-,R,N
M0327_2556,K-EUROPE,OT,R,N
M0337_2550,K-MONEY,AM,R,N
M0338_2549,R0612A,-,R,N
M0339_2549,R0612B,-,R,N
M0345_2562,K-HIT,OT,R,N
M0361_2551,K-MENA,OT,R,N
M0369_2555,K-USXNDQ,OT,R,N
M0377_2556,K-SF,SM,R,N
M0393_2551,K-AGRI,OT,R,N
M0395_2550,K-GEMBOND,-,R,N
M0402_2559,K-AFIXED,AM,R,N
M0405_2549,KEQRMF,AM,R,N
M0410_2558,KGHRMF,OT,R,N
M0415_2562,K-FIXEDPRO,AM,R,N
M0429_2557,K-GPROP,OT,R,N
M0430_2558,K-AEC,AM,R,N
M0431_2560,K-GREAT,OT,R,N
M0433_2558,KMSRMF,AM,R,N
M0440_2561,K-CCTV,OT,R,N
M0447_2551,K-GOLD,OT,R,N
M0456_2556,KTFT2,-,R,N
M0463_2559,KMVLTF,OT,R,N
M0467_2559,K-USXCB(UH),OT,R,N
M0482_2554,KG965,-,R,N
M0488_2550,RG01,-,R,N
M0490_2550,RG02,-,R,N
M0505_2558,K-EUSAGE,OT,R,N
M0511_2559,KMSLTF,AM,R,N
M0527_2556,ABPIF,-,R,N
M0527_2560,KTHAICGRMF,AM,R,N
M0555_2551,CTARAF,-,R,N
M0571_2552,K-PLAN1,SM,R,N
M0574_2552,K-PLAN2,SM,R,N
M0575_2552,K-PLAN3,SM,R,N
M0579_2552,K-CHINA,OT,R,N
M0588_2560,K-APB,OT,R,N
M0596_2558,K-GINFRA,OT,R,N
M0596_2562,KPROPIRMF,AM,R,N
M0608_2557,KJPRMF,OT,R,N
M0620_2546,SWF,-,R,N
M0639_2558,K-GHEALTH(UH),OT,R,N
M0659_2553,K-GEMO,OT,R,N
M0664_2557,K-PROPI,SM,R,N
M0668_2558,K-EUX,OT,R,N
M0679_2557,KEURMF,OT,R,N
M0688_2562,K-WORLDX,OT,R,N
M0705_2548,K-CASH,AM,R,N
M0714_2552,KGDRMF,OT,R,N
M0798_2557,K-GHEALTH,OT,R,N
M0825_2555,K-GOLDUSD,-,R,N
M0861_2553,KGARMF,OT,R,N
M0867_2548,K70LTF,AM,R,N
M0884_2547,K-TREASURY,AM,R,N
M0967_2553,WHAPF,-,R,N
M1168_2557,K-JP,OT,R,N
M1261_2557,K-CHX,OT,R,N
M0000_2552,HI-DIV,AM,R,N
M0001_2524,SSB,-,R,N
M0001_2530,SF5,AM,R,N
M0001_2531,TNP,AM,R,N
M0002_2530,SF4,AM,R,N
M0002_2531,TPF,AM,R,N
M0002_2533,SAN,AM,R,N
M0002_2556,SPOT33S4,-,R,N
M0003_2533,RPF2,AM,R,N
M0003_2556,SPOT33S5,-,R,N
M0003_2561,SI5A4,AM,R,N
M0004_2560,MRECO3,AM,R,N
M0014_2551,I-HAPPY D5,-,R,N
M0017_2540,MFF,SM,R,N
M0019_2535,RRF1,AM,R,N
M0019_2537,TS,AM,R,N
M0019_2555,I-US7S1,-,R,N
M0020_2537,DE-1,AM,R,N
M0022_2537,SCDF,AM,R,N
M0023_2536,AGF,AM,R,N
M0024_2536,UNF,AM,R,N
M0025_2537,SF8,AM,R,N
M0025_2551,I-ASIA INFRA,AM,R,N
M0026_2537,SF7,AM,R,N
M0031_2536,SCIF,AM,R,N
M0032_2536,SCIF2,AM,R,N
M0035_2538,KAF,AM,R,N
M0038_2552,I-AAA,-,R,N
M0039_2536,STD,AM,R,N
M0039_2552,MG-Bond,-,R,N
M0040_2536,STD2,AM,R,N
M0046_2561,M-VI,OT,R,N
M0047_2554,I-DEVELOP,AM,R,N
M0047_2563,M-FOCUS,AM,R,N
M0052_2550,PRO10 S2,-,R,N
M0057_2545,M-FIX,SM,R,N
M0063_2561,GI5EM1,AM,R,N
M0067_2561,MTOPP1,AM,R,N
M0068_2553,M-ACTIVE,AM,R,N
M0071_2549,MGS,AM,R,N
M0072_2538,BMBF,AM,R,N
M0077_2545,MGE,AM,R,N
M0077_2551,MGI+,-,R,N
M0078_2560,HI-DIV LTF,AM,R,N
M0082_2545,M-BOND,SM,R,N
M0083_2552,I-CREDIT,-,R,N
M0083_2553,I-EMERGING,-,R,N
M0084_2545,MMF-RMF,SM,R,N
M0084_2558,I-REITs33S1,-,R,N
M0087_2551,THE SMART ADVENTURER,-,R,N
M0088_2556,SPOT33S16,-,R,N
M0089_2542,MFX,AM,R,N
M0089_2551,THE SMART ENHANCER,-,R,N
M0089_2556,SPOT33S7,AM,R,N
M0090_2551,THE SMART MAXIMIZER,-,R,N
M0090_2556,SPOT33S8,AM,R,N
M0093_2545,M-VALUE,AM,R,N
M0094_2558,M-MIDSMALL,AM,R,N
M0099_2555,SPOT7S6,-,R,N
M0104_2555,I-GOLD5S1,-,R,N
M0105_2559,M-PROP8S1,AM,R,N
M0108_2561,GI5EM2,AM,R,N
M0111_2561,M-SUKUK,OT,R,N
M0113_2561,M-TWSUK RMF,AM,R,N
M0114_2556,SPOT33S9,AM,R,N
M0115_2556,SPOT33S10,AM,R,N
M0117_2550,I-15,AM,R,N
M0118_2556,SPOT33S11,AM,R,N
M0132_2556,I-SMART,AM,R,N
M0135_2553,SPOT10S3,-,R,N
M0138_2562,M-MEGA,AM,R,N
M0140_2557,MMM-PLUS,AM,R,N
M0144_2557,SI5U1,-,R,N
M0144_2559,M-PROP RMF,AM,R,N
M0152_2561,HI-DIV RMF,AM,R,N
M0154_2557,SI5E1,-,R,N
M0155_2563,MTQS,AM,R,N
M0175_2560,M-MIDSMALL LTF,AM,R,N
M0176_2563,MTFS,AM,R,N
M0177_2552,MG-GLOBE,-,R,N
M0178_2555,SPOT7S7,-,R,N
M0178_2559,M-PROP8S2,AM,R,N
M0189_2553,MG-RMF,-,R,N
M0195_2556,SPOT33S12,-,R,N
M0198_2556,SPOT33S14,AM,R,N
M0200_2563,MGF,OT,R,N
M0203_2556,SPOT33S15,AM,R,N
M0204_2542,SMART,SM,R,N
M0210_2561,M-MULTI,AM,R,N
M0213_2557,SMART-PLUS,-,R,N
M0214_2558,SI5E3,AM,R,N
M0218_2558,SI5U2,-,R,N
M0224_2558,SI5A3,AM,R,N
M0226_2551,IQ-PORT,-,R,N
M0239_2547,MGB,AM,R,N
M0242_2558,SI5I1,AM,R,N
M0243_2553,I-35 STAR,-,R,N
M0246_2550,MG-LTF,AM,R,N
M0249_2550,I-ASIA,-,R,N
M0250_2550,MIF-LTF,AM,R,N
M0258_2563,MCHINA,OT,R,N
M0264_2562,MPII,AM,R,N
M0278_2552,M-STOR,-,R,N
M0281_2551,MNRF,-,R,N
M0291_2555,SPOT7S8,-,R,N
M0295_2554,I-GOLD7S2,AM,R,N
M0298_2549,HAPPY D5,AM,R,N
M0300_2558,SI5A4,-,R,N
M0307_2558,MWELL1,AM,R,N
M0308_2560,M-MINVOL,AM,R,N
M0316_2550,Q-PORT,AM,R,N
M0328_2550,I-20,AM,R,N
M0332_2561,M-ATECH,AM,R,N
M0337_2555,I-REITs 7MT,-,R,N
M0341_2556,SPOT33S17,-,R,N
M0342_2550,I-AGRI,-,R,N
M0345_2557,M-PPP,-,R,N
M0346_2551,PRO10 S3,-,R,N
M0346_2552,SPOT10 S1,-,R,N
M0353_2558,M-CHINA,-,R,N
M0371_2560,M-SELECTCG,AM,R,N
M0382_2560,M-SMART INCOME,AM,R,N
M0385_2553,I-CHINA8S1,-,R,N
M0386_2553,I-REITs,AM,R,N
M0393_2557,M-PAT,-,R,N
M0400_2550,PRO16,-,R,N
M0404_2553,I-M10S1,-,R,N
M0425_2556,SPOT33S18,-,R,N
M0427_2553,I-Commodity,-,R,N
M0444_2553,I-S/T Bond,-,R,N
M0445_2552,I-66R,-,R,N
M0447_2556,SPOT33S19,-,R,N
M0448_2556,SPOT33S20,-,R,N
M0452_2558,I-OIL5S1,-,R,N
M0456_2547,MV-LTF,AM,R,N
M0461_2560,M-DYNAMIC,AM,R,N
M0466_2558,I-USS1,AM,R,N
M0476_2555,SPOT7S9,-,R,N
M0477_2550,M-GOV,-,R,N
M0480_2552,SPOT9.99,-,R,N
M0486_2550,I-NATURAL,-,R,N
M0493_2562,MDIVA,AM,R,N
M0497_2546,M-BT,AM,R,N
M0498_2554,I-ASEAN STAR 10,AM,R,N
M0501_2558,SI5C1,-,R,N
M0503_2552,I-EMERGING 10,-,R,N
M0504_2555,M-PTRO,-,R,N
M0507_2553,SPOT10S4,-,R,N
M0510_2555,KR-S1,-,R,N
M0510_2558,M-INNO1,AM,R,N
M0515_2548,MNIT,-,R,N
M0515_2552,I-CREDIT,-,R,N
M0517_2556,M-PROP DIV,AM,R,N
M0521_2559,MRECO2,AM,R,N
M0531_2552,SPOT10S2,-,R,N
M0532_2560,MRECO4,AM,R,N
M0534_2558,MRECO1,-,R,N
M0537_2559,M-PROPS3,AM,R,N
M0538_2558,MULTI1,AM,R,N
M0542_2555,HI-DIV PLUS,AM,R,N
M0544_2555,SPOT55,-,R,N
M0556_2552,M-PROPERTY,AM,R,N
M0574_2547,MIF,AM,R,N
M0579_2559,M-JAPAN MIDSMALL,AM,R,N
M0583_2560,SMO5A1,AM,R,N
M0588_2556,I-US7S2,-,R,N
M0589_2558,M-GHealth,-,R,N
M0599_2560,MRECO5,AM,R,N
M0601_2560,THMO1,AM,R,N
M0609_2552,I-BRIC RECOVERY 3,AM,R,N
M0613_2548,MA-LTF,AM,R,N
M0622_2562,SMART-PLUS,AM,R,N
M0633_2551,MM-GOV,SM,R,N
M0633_2558,I-OIL5S3,-,R,N
M0635_2555,I-MYS1,-,R,N
M0644_2555,I-HKS1,-,R,N
M0647_2552,I-10,AM,R,N
M0649_2555,I-SINGS1,-,R,N
M0650_2551,MGI,-,R,N
M0654_2556,D-SMART,-,R,N
M0656_2555,I-PHS1,-,R,N
M0657_2555,I-INDOS1,-,R,N
M0663_2553,SPOT10S5,-,R,N
M0666_2554,SPOT7S3,-,R,N
M0684_2550,I-CHIC,AM,R,N
M0699_2554,SPOT7S4,-,R,N
M0699_2559,M-PROPS4,AM,R,N
M0701_2552,I-REITS 10,-,R,N
M0723_2551,MFC SMALL CAP,-,R,N
M0790_2554,I-GOLD7S3,AM,R,N
M0794_2548,MGA,AM,R,N
M0807_2555,SPOT55S2,-,R,N
M0808_2555,SPOT55S3,-,R,N
M0814_2553,SPOT10S6,-,R,N
M0814_2554,M-AAA,-,R,N
M0820_2554,M-ENER,-,R,N
M0830_2548,M-CR,AM,R,N
M0834_2557,SI5E2,AM,R,N
M0848_2553,SPOT7,-,R,N
M0857_2553,I-CHINA10S2,-,R,N
M0868_2555,SPOT33,-,R,N
M0871_2553,I-US10,-,R,N
M0905_2554,SPOT7S5,-,R,N
M0910_2553,SPOT7S2,-,R,N
M0918_2555,SPOT33S2,-,R,N
M0918_2556,SI5A1,-,R,N
M0919_2555,SPOT33S3,-,R,N
M0922_2553,I-REITS 10S2,-,R,N
M0933_2547,MMM,SM,R,N
M0942_2555,M-II,-,R,N
M0962_2556,HPF,-,R,N
M0963_2553,SPOT10S7,-,R,N
M0997_2553,M-CASH,-,R,N
M1025_2553,I-US10S2,-,R,N
M1031_2553,I-Emerging 10S2,AM,R,N
M1033_2553,I-GOLD7,-,R,N
M1105_2557,SI5A2,-,R,N
M1112_2557,M-FLEX,AM,R,N
M0073_2551,KP-3MC,-,R,N
M0308_2551,PRB,-,R,N
M0383_2550,P6MSET50,-,R,N
M0464_2550,PNR,-,R,N
M0508_2550,PHF,-,R,N
M0509_2550,PCF,-,R,N
M0524_2551,PCE,-,R,N
M0632_2551,PSS,-,R,N
M0704_2551,KPMP,-,R,N
M0825_2554,TC-GDFX,-,R,N
M0965_2554,TC-GB,-,R,N
M0002_2545,TMBTM,AM,R,N
M0009_2540,TMBMF,AM,R,N
M0011_2553,TMBBF,AM,R,N
M0012_2553,TMBTHANAPLUS,AM,R,N
M0013_2563,TMB-ES-CHINA-A,OT,R,N
M0033_2549,TMBT3M1,-,R,N
M0035_2549,TMBT6M1,-,R,N
M0038_2549,TMBT1Y1,-,R,N
M0038_2555,TMBFIP6M2,-,R,N
M0039_2555,TMBFIP1Y2,-,R,N
M0058_2549,TMBT1Y2,-,R,N
M0059_2549,TMBT6M2,-,R,N
M0064_2549,TMBT3M2,-,R,N
M0100_2549,TMBT3M3,-,R,N
M0100_2560,TMBEAE,OT,R,N
M0101_2549,TMBT6M3,-,R,N
M0102_2549,TMBT1Y3,-,R,N
M0117_2561,TMBINDAE,OT,R,N
M0123_2557,TMBJET10,-,R,N
M0124_2549,TMBT6M4,-,R,N
M0125_2549,TMBT1Y4,-,R,N
M0135_2554,TMBUSO,OT,R,N
M0138_2556,TMBP6M2B,-,R,N
M0139_2555,TMBAASF,AM,R,N
M0139_2558,TMBJET8(4),-,R,N
M0140_2555,TMBAAMF,AM,R,N
M0141_2555,TMBAALF,AM,R,N
M0151_2555,TMBFIP6M3,-,R,N
M0157_2549,TMBT6M5,-,R,N
M0165_2542,TMBCB,AM,R,N
M0183_2549,TMBT6M6,-,R,N
M0184_2549,TMBT1Y6,-,R,N
M0194_2549,TMBT1Y7,-,R,N
M0194_2558,TMBNDQ100,-,R,N
M0209_2560,TMBEBF,OT,R,N
M0221_2555,TMBP6M4A,-,R,N
M0221_2557,TMBPIPF,AM,R,N
M0225_2555,TMBT6M4A,-,R,N
M0226_2558,TMBAGLT8(2),-,R,N
M0238_2549,TMBT1Y8,-,R,N
M0239_2549,TMBT1Y9,-,R,N
M0253_2561,TMB-ES-APPF,AM,R,N
M0264_2559,TMBINCOME,OT,R,N
M0277_2562,TMB-ES-GCORE,OT,R,N
M0280_2555,TMBP6M4B,-,R,N
M0286_2557,TMBJET10(2),-,R,N
M0302_2558,TMBCT8(3),-,R,N
M0307_2559,TMBGINFRA,OT,R,N
M0316_2555,TMBT6M5A,-,R,N
M0322_2549,TMBT1Y10,-,R,N
M0324_2549,TMBT1Y12,-,R,N
M0343_2555,TMBP6M5B,-,R,N
M0344_2558,TMBCT8(4),-,R,N
M0345_2558,TMBJET8(5),-,R,N
M0355_2558,TMBGET8,-,R,N
M0364_2557,TMBABF,AM,R,N
M0374_2557,TMBCT8,-,R,N
M0383_2558,TMBAGLT8(3),-,R,N
M0386_2560,TMBGVALUE,OT,R,N
M0390_2555,TMBP6M6A,-,R,N
M0391_2555,TMBT6M6A,-,R,N
M0403_2558,TMBJET8(6),-,R,N
M0416_2558,TMBINDT8,-,R,N
M0424_2557,TMBPIPRMF,AM,R,N
M0429_2562,TMB-ES-IALLO,OT,R,N
M0436_2560,TMB-THAICG,AM,R,N
M0447_2555,TMBP6M6B,-,R,N
M0448_2558,TMBGERT8(2),-,R,N
M0451_2558,TMBEUROT8,-,R,N
M0455_2559,TMBTMSMV,OT,R,N
M0471_2557,TMBAGLT8,-,R,N
M0478_2550,TMBKREQ,-,R,N
M0504_2557,TMBJET8,-,R,N
M0511_2555,TMBT6M1A,-,R,N
M0512_2555,TMBP6M1A,-,R,N
M0512_2559,TMBGHY,OT,R,N
M0516_2550,TMBEUEQ,-,R,N
M0516_2551,TMBUSDMM,-,R,N
M0525_2559,TMBTMSMVRMF,OT,R,N
M0526_2559,TMBTMSMVLTF,OT,R,N
M0533_2558,TMBUSB,AM,R,N
M0541_2559,TMBABRMF,AM,R,N
M0543_2551,TMBEUROMM,-,R,N
M0544_2551,TMBPOUNDMM,-,R,N
M0549_2555,TMBP6M1B,-,R,N
M0555_2560,TMBGPROP,OT,R,N
M0568_2559,TMBASIAB,OT,R,N
M0576_2553,TMBBFRMF,-,R,N
M0583_2555,TMBP6M3A,-,R,N
M0605_2546,TMBMRMF,AM,R,N
M0648_2560,TMBEAERMF,OT,R,N
M0650_2560,TMBGPROPRMF,OT,R,N
M0661_2551,ENGY RMF,-,R,N
M0680_2553,MESTFI,-,R,N
M0708_2562,TMB-ES-GSBOND,OT,R,N
M0720_2555,TMBP6M3B,-,R,N
M0772_2553,MEB,-,R,N
M0773_2553,ME50,-,R,N
M0784_2555,TMBUS500,OT,R,N
M0870_2548,TMBGOLD,OT,R,N
M0923_2556,TMBHD,-,R,N
M0974_2556,TMBSF6M2,-,R,N
M0978_2556,TMBEGT55,-,R,N
M0989_2555,TMBUS500RMF,OT,R,N
M1034_2553,TMBGOLDSRMF,OT,R,N
M1035_2553,TMBGOLDS,OT,R,N
M1098_2557,TMBUS500T8,-,R,N
M1135_2557,TMBJET8(2),-,R,N
M1156_2557,TMBCT8(2),-,R,N
M1243_2557,TMBJET8(3),-,R,N
M0001_2549,SCBGB1/12,-,R,N
M0002_2549,SCBGB2/12,BH,R,N
M0002_2563,SCBDPLUS,AM,R,N
M0003_2539,SCBSFF,AM,R,N
M0004_2536,SCBMF2,-,R,N
M0004_2537,SCBMF5,-,R,N
M0005_2536,SCBMF3,-,R,N
M0005_2537,SCBDAFUND,AM,R,N
M0005_2558,SCBCHAFUND,OT,R,N
M0006_2539,SCBRF,AM,R,N
M0006_2563,SCBSPLUS,AM,R,N
M0007_2536,SCBTS,-,R,N
M0007_2538,SCBPMOFUND,SM,R,N
M0008_2535,SCBPF,-,R,N
M0008_2536,SCBTS2,-,R,N
M0009_2535,SCBMF,-,R,N
M0009_2536,SCBPG,-,R,N
M0010_2536,SCBMF4,-,R,N
M0011_2536,SCBTS3,-,R,N
M0015_2549,SCBGB3/12,BH,R,N
M0024_2560,SCBUSHY,OT,R,N
M0026_2551,SCBAEMFUND,OT,R,N
M0031_2557,SCBEUEQFUND,OT,R,N
M0058_2556,SCBTG7-4,-,R,N
M0061_2561,SCBFIN,OT,R,N
M0065_2558,SCBINDIAFUND,OT,R,N
M0074_2544,SCBRM2,SM,R,N
M0079_2544,SCBRM1,SM,R,N
M0080_2544,SCBRM3,SM,R,N
M0081_2544,SCBRM4,SM,R,N
M0086_2559,SCBST555B,AM,R,N
M0090_2561,SCBLTSE,AM,R,N
M0093_2558,SCBTG3P3B,AM,R,N
M0094_2561,SCBOPP,OT,R,N
M0110_2559,SCBABSFUND,OT,R,N
M0112_2561,SCBJSM,AM,R,N
M0117_2549,SCBGB4/12,BH,R,N
M0124_2561,SCBCHEQ,OT,R,N
M0139_2549,SCBGB5/12,-,R,N
M0141_2559,SCBEUSMFUND,OT,R,N
M0142_2561,SCBJPSM,AM,R,N
M0151_2563,SCB70SSF,AM,R,N
M0154_2561,SCBFIXED,AM,R,N
M0155_2556,SCBCEHFUND,OT,R,N
M0162_2549,SCBGB6/12,-,R,N
M0171_2558,SCBTG3P3C,AM,R,N
M0173_2552,SCBAUDFUND,AM,R,N
M0181_2563,SCBEQSSF,AM,R,N
M0185_2558,SCBTG3P3D,AM,R,N
M0190_2542,T-MIL,-,R,N
M0191_2550,SCBLTS,AM,R,N
M0202_2554,POPF,-,R,N
M0205_2558,SCBTG3P3E,-,R,N
M0207_2549,SCBPGFUND,OT,R,N
M0210_2556,ERWPF,-,R,N
M0215_2549,SCBGB7/12,-,R,N
M0216_2556,SCBCEH2,-,R,N
M0228_2554,SCBSEFUND,AM,R,N
M0229_2558,SCBIBLN,-,R,N
M0232_2558,SCBTG3P3F,-,R,N
M0241_2554,SCBGOLDFUND,OT,R,N
M0245_2559,SCBDIGIFUND,OT,R,N
M0252_2557,SIRIP,-,R,N
M0260_2550,SCBLT4FUND,AM,R,N
M0263_2550,SCBLTTFUND,AM,R,N
M0279_2561,SCBPIN,AM,R,N
M0284_2555,SCBEMBOND,OT,R,N
M0298_2560,SCBWIN,AM,R,N
M0300_2559,SCBMPLUS,OT,R,N
M0306_2552,SCBTMF,AM,R,N
M0322_2561,SCBGEAR,OT,R,N
M0324_2562,SCBMILD,AM,R,N
M0325_2562,SCBCLASSIC,AM,R,N
M0327_2562,SCBSPICY,AM,R,N
M0341_2558,SCBTG3P3G,-,R,N
M0341_2562,SCBRAA,OT,R,N
M0342_2558,SCBTG3P3H,-,R,N
M0360_2559,SCBATGA,OT,R,N
M0365_2558,SCBCATG,-,R,N
M0366_2558,SCBGIFUND,OT,R,N
M0380_2561,SCBGML,AM,R,N
M0382_2561,SCBTG,AM,R,N
M0384_2558,SCBCHTG,-,R,N
M0386_2558,SCBBLNFUND,AM,R,N
M0387_2558,SCBJPTG,-,R,N
M0400_2555,SCBTMFPLUS,AM,R,N
M0406_2559,SCBGPROPFUND,OT,R,N
M0408_2560,SCBROBO,AM,R,N
M0410_2559,SCBTEQFUND,AM,R,N
M0416_2560,SCBAEMH,OT,R,N
M0417_2553,SCBOIL,-,R,N
M0422_2558,SCBEUEQTG,-,R,N
M0424_2562,SCBRMPIN,AM,R,N
M0425_2562,SCBRMLEQ,OT,R,N
M0426_2562,SCBRMS&P500,OT,R,N
M0429_2556,SCBNKY225,OT,R,N
M0429_2559,SCBFLX,AM,R,N
M0433_2556,SCBSFPLUS,-,R,N
M0438_2556,CRYSTAL,-,R,N
M0449_2558,SCBGHCFUND,OT,R,N
M0452_2546,SCBDVFUND,AM,R,N
M0460_2548,SCBGB9/12,BH,R,N
M0462_2560,SCBTHAICG,AM,R,N
M0464_2548,SCBLT3FUND,AM,R,N
M0489_2553,SCBFPFUND,AM,R,N
M0492_2558,SCBASEAN,AM,R,N
M0494_2561,SCBTG-2,AM,R,N
M0511_2558,SCBRMJP,OT,R,N
M0513_2558,SCBTGI,AM,R,N
M0514_2558,SCBTGJ,AM,R,N
M0518_2558,SCBRMGIF,OT,R,N
M0522_2555,SCBOILFUND,OT,R,N
M0522_2558,SCBRMEU,OT,R,N
M0526_2560,SCBPOP,AM,R,N
M0529_2562,SCBLARGE,AM,R,N
M0536_2562,SCBMOMENT,AM,R,N
M0537_2556,SPWPF,-,R,N
M0537_2562,SCBQUALITY,AM,R,N
M0538_2562,SCBVALUE,AM,R,N
M0543_2562,SCBEQUAL,SM,R,N
M0550_2560,SCBMLT,OT,R,N
M0559_2557,SCBKEQTGFUND,OT,R,N
M0565_2558,SCBGRTG,-,R,N
M0570_2560,SCBRMPOP,AM,R,N
M0579_2557,SCBUSSMTG,-,R,N
M0593_2558,SCBRMGHC,OT,R,N
M0604_2557,SCBTRTG,-,R,N
M0612_2558,SCBRMUS,-,R,N
M0616_2557,SCBTRTG2,-,R,N
M0618_2557,SCBTRTG3,-,R,N
M0619_2557,SCBTRTG4,-,R,N
M0620_2552,SCBCEFUND,OT,R,N
M0620_2557,SCBTRTG5,-,R,N
M0623_2547,SCBLT1FUND,AM,R,N
M0624_2548,SCBGB8/12,BH,R,N
M0626_2547,SCBLT2FUND,AM,R,N
M0641_2558,SCBUSSMFUND,OT,R,N
M0643_2555,SCBS&P500FUND,OT,R,N
M0662_2560,SCBINC,AM,R,N
M0665_2562,SCBLARGO,OT,R,N
M0674_2557,SCBTRTG2,-,R,N
M0676_2558,SCBFSTFUND,AM,R,N
M0677_2557,SCBTRTG3,-,R,N
M0684_2559,SCBGIN,AM,R,N
M0696_2557,SCBTWEQTG,-,R,N
M0705_2555,CPNCG,-,R,N
M0713_2562,SCBMBOND,OT,R,N
M0715_2562,SCBADAGIO,OT,R,N
M0728_2551,SCBIL,-,R,N
M0732_2556,SCBSFFPLUS,AM,R,N
M0749_2558,SCBLEQFUND,OT,R,N
M0754_2548,CPNRF,-,R,N
M0763_2558,SCBST555A,AM,R,N
M0772_2558,SCBPLUSFUND,OT,R,N
M0778_2554,SCBGOLDHRMF,OT,R,N
M0792_2555,SCBEMEQFUND,OT,R,N
M0824_2548,SCBGB10/12,BH,R,N
M0828_2554,SCBGLOW,AM,R,N
M0856_2553,SCBGOLDHFUND,OT,R,N
M0861_2548,SCBGB11/12,BH,R,N
M0866_2554,SCBGLOB,OT,R,N
M0866_2556,DIF,-,R,N
M0874_2554,SCBGSIFUND,OT,R,N
M0875_2556,TGROWTH,-,R,N
M0882_2554,SCBCOMP,OT,R,N
M0883_2548,SCBGB12/12,BH,R,N
M0909_2555,SCBGEQFUND,OT,R,N
M0932_2554,SCBGLOWP,AM,R,N
M0933_2554,SCBRMGW,AM,R,N
M0935_2554,SCBRMGWP,AM,R,N
M0977_2556,PPF,-,R,N
M1080_2557,SCBMSEFUND,AM,R,N
M1233_2557,SCBTG3P3A,-,R,N
M0020_2539,ABG,AM,R,N
M0027_2541,ABCC,AM,R,N
M0035_2547,ABSL,AM,R,N
M0041_2554,ABIG,AM,R,N
M0065_2549,ABWOOF,AM,R,N
M0066_2546,ABFC,AM,R,N
M0071_2546,ABTED,AM,R,N
M0140_2545,ABSC-RMF,AM,R,N
M0141_2545,ABSI-RMF,AM,R,N
M0157_2550,ABGEM,AM,R,N
M0187_2563,ABTEMSSF,AM,R,N
M0256_2550,AEOB,AM,R,N
M0285_2546,ABV,AM,R,N
M0348_2555,ABINC,AM,R,N
M0363_2549,ABEG,AM,R,N
M0401_2552,ABCG,AM,R,N
M0413_2548,ABSM,AM,R,N
M0458_2557,ABEHB,AM,R,N
M0529_2559,ABLTF 70/30,AM,R,N
M0532_2556,ABJO,AM,R,N
M0562_2558,ABAGS,AM,R,N
M0582_2548,ABAPAC,AM,R,N
M0584_2553,ABAG,AM,R,N
M0698_2547,ABLTF,AM,R,N
M0774_2554,ABAPAC-RMF,AM,R,N
M0004_2535,TCMEQF,AM,R,N
M0004_2557,TISCOJP3,-,R,N
M0005_2535,TISCOEGF,AM,R,N
M0005_2539,TCMCSF,AM,R,N
M0006_2543,TISCOAGF,AM,R,N
M0010_2561,TISCOINA,AM,R,N
M0010_2562,TGHDIGI,OT,R,N
M0011_2547,TSF,AM,R,N
M0012_2563,TTHREIT,AM,R,N
M0015_2558,TISCOC17,-,R,N
M0016_2558,TISEQT19,AM,R,N
M0016_2559,TISCOJP9,-,R,N
M0018_2551,TISCONZ3,-,R,N
M0021_2562,TEQT5M5,OT,R,N
M0025_2560,THCT5M2,OT,R,N
M0025_2561,TGINC,AM,R,N
M0026_2552,TISCOSSF,-,R,N
M0029_2554,TISCOUP4,-,R,N
M0030_2563,TBIOTECH,OT,R,N
M0033_2557,TISEQT17,AM,R,N
M0033_2563,TCHTECH,OT,R,N
M0034_2557,TISCOC14,-,R,N
M0035_2537,TISCOEDF,AM,R,N
M0035_2558,TISCOJP7,-,R,N
M0036_2552,TISCOAP4,-,R,N
M0036_2557,TISCONA2,-,R,N
M0038_2556,TISCOCT8,-,R,N
M0039_2553,TW-E20,AM,R,N
M0045_2554,TISCOUP5,-,R,N
M0046_2560,TINT5M3,OT,R,N
M0049_2558,TOIL2,-,R,N
M0056_2559,TISEQT24,AM,R,N
M0059_2544,TSFIRMF,SM,R,N
M0062_2558,TOIL3,-,R,N
M0067_2556,TISCOCT9,-,R,N
M0069_2561,TTECH5M2,OT,R,N
M0070_2552,TISCOAP5,-,R,N
M0073_2561,TCHT5M3,OT,R,N
M0074_2545,TFPRMF,AM,R,N
M0074_2562,TCINC,AM,R,N
M0076_2558,TOIL4,-,R,N
M0077_2555,TROLL3M1,-,R,N
M0081_2555,TISCOHD,AM,R,N
M0081_2558,TOIL5,-,R,N
M0087_2558,TISCOC18,-,R,N
M0090_2558,TGHSTARP,AM,R,N
M0091_2560,TISCOGEM,OT,R,N
M0094_2556,TGOLD2,-,R,N
M0095_2545,TFIRMF,SM,R,N
M0095_2559,TINC,AM,R,N
M0096_2545,TEGRMF,AM,R,N
M0102_2554,TISCOUP6,-,R,N
M0105_2555,TROLL3M2,-,R,N
M0122_2556,TISCOC10,-,R,N
M0124_2557,TISCOKR1,-,R,N
M0132_2563,TEGSSF,AM,R,N
M0138_2555,TISCOU14,-,R,N
M0139_2556,TISCOUS2,-,R,N
M0160_2554,TISCOUP7,-,R,N
M0161_2560,TEQT5M1,OT,R,N
M0162_2557,TISCOC15,-,R,N
M0162_2560,TISEQT25,OT,R,N
M0163_2557,TISCOJP4,-,R,N
M0163_2560,TISCOESG,AM,R,N
M0164_2555,TROLL3M3,-,R,N
M0166_2557,TISCOEU1,-,R,N
M0172_2554,TISCOEU,-,R,N
M0177_2561,TUSBK5M1,OT,R,N
M0180_2560,THCT5M3,OT,R,N
M0186_2558,TISEQT20,AM,R,N
M0187_2561,TCTEC5M1,OT,R,N
M0188_2551,TISCOAEF,-,R,N
M0189_2561,TEQT5M2,OT,R,N
M0196_2562,TISCOWB,AM,R,N
M0198_2554,TISCOUP8,-,R,N
M0200_2542,TISCOFLEX,AM,R,N
M0202_2555,TISCOU15,-,R,N
M0203_2555,TROLL3M4,-,R,N
M0203_2560,TISCOBIG,AM,R,N
M0212_2561,TGESG,AM,R,N
M0217_2554,TISCOUP9,-,R,N
M0219_2556,TISCOMS,AM,R,N
M0226_2550,TDLTF,AM,R,N
M0237_2561,TINRMF,AM,R,N
M0241_2556,TISCOC11,-,R,N
M0241_2558,TISEQT21,-,R,N
M0247_2562,TAREIT,OT,R,N
M0258_2555,TFUND3M1,-,R,N
M0258_2562,TISCOCHA,OT,R,N
M0261_2555,TFUND6M1,-,R,N
M0265_2561,TEQT5M3,OT,R,N
M0293_2555,TFUND3M2,-,R,N
M0294_2555,TFUND6M2,-,R,N
M0315_2557,TISCOJP5,-,R,N
M0320_2556,TISCOT1,-,R,N
M0321_2554,TISCOU10,-,R,N
M0324_2546,TW-BAL,AM,R,N
M0326_2555,TFUND3M3,-,R,N
M0326_2558,TISCOIN1,-,R,N
M0337_2556,TISEQT8,-,R,N
M0341_2555,TFUND3M4,-,R,N
M0342_2555,TFUND6M3,-,R,N
M0355_2554,TISCOU11,-,R,N
M0374_2555,TFUND3M5,-,R,N
M0376_2560,TISCOGIF,AM,R,N
M0377_2560,TISTECH,AM,R,N
M0390_2559,TISCOFIX,AM,R,N
M0393_2558,TISCOGY5,-,R,N
M0398_2550,TISCOUK,-,R,N
M0399_2554,TISCOU12,-,R,N
M0404_2555,TFUND3M6,-,R,N
M0420_2559,TMSLTF,AM,R,N
M0440_2556,TISEQT9,-,R,N
M0440_2558,TISCOC23,-,R,N
M0445_2555,TFUND3M7,-,R,N
M0445_2558,TGHRMF,AM,R,N
M0447_2547,TISCOSTF,SM,R,N
M0448_2559,TDSLTF,AM,R,N
M0450_2561,TEQT5M4,OT,R,N
M0453_2558,TOIL7,-,R,N
M0463_2556,TISEQT10,-,R,N
M0464_2556,TISEQT11,-,R,N
M0466_2555,TFUND3M8,-,R,N
M0466_2557,TISCOGY2,-,R,N
M0470_2559,TISFIXX,AM,R,N
M0481_2557,TISCONA3,-,R,N
M0487_2554,TISCOU13,-,R,N
M0489_2558,TISESG,AM,R,N
M0494_2552,TISCOAUD,-,R,N
M0497_2555,TFUND3M9,-,R,N
M0499_2559,TISCODS,AM,R,N
M0503_2562,TGREIT,OT,R,N
M0509_2559,TCINCP,AM,R,N
M0515_2556,TISEQT12,-,R,N
M0515_2558,TISEQT22,-,R,N
M0516_2555,TFUN3M10,-,R,N
M0524_2556,TISCOUS4,-,R,N
M0531_2561,TW-E70,AM,R,N
M0533_2557,TFUN3M15,-,R,N
M0534_2557,TFUND6M9,-,R,N
M0539_2558,TISCOC24,-,R,N
M0541_2555,TFUN3M11,-,R,N
M0554_2562,TCIEZERO,AM,R,N
M0556_2555,TFUN3M12,-,R,N
M0559_2556,TISCOJP1,-,R,N
M0561_2557,TMSRMF,AM,R,N
M0569_2559,TISEQT25,OT,R,N
M0579_2551,TISCOGBF,-,R,N
M0585_2557,TISCOTW1,-,R,N
M0597_2560,TUSFIN,OT,R,N
M0604_2555,TISEQT6,-,R,N
M0605_2555,TFUN3M13,-,R,N
M0608_2558,TSTAR-UH,AM,R,N
M0610_2560,TEQT5M1,OT,R,N
M0612_2560,TISEQT25,OT,R,N
M0620_2562,TEQT5M5,OT,R,N
M0623_2556,TISEQT14,-,R,N
M0624_2560,TCHT5M2,OT,R,N
M0635_2559,TISEQT25,OT,R,N
M0636_2559,TISCOESG,AM,R,N
M0645_2559,TEQT5M1,OT,R,N
M0648_2555,TFUN3M14,-,R,N
M0649_2556,TISEQT15,AM,R,N
M0654_2559,THCT5M1,OT,R,N
M0663_2560,TTECH5M1,OT,R,N
M0692_2559,TINT5M2,OT,R,N
M0697_2559,TEQT5M1,OT,R,N
M0698_2559,TISCOJPA,AM,R,N
M0702_2555,TEQDY1,AM,R,N
M0703_2547,TISCOLTF,AM,R,N
M0719_2555,TFUND6M4,-,R,N
M0721_2557,TISCOC16,-,R,N
M0734_2555,TISCOAP7,-,R,N
M0745_2555,TSTARP,AM,R,N
M0750_2555,TFUND6M5,-,R,N
M0751_2556,TISEQT16,-,R,N
M0756_2558,TISEQT23,-,R,N
M0757_2558,TISCOESG,-,R,N
M0773_2555,TFUND6M6,-,R,N
M0782_2553,TISCOUP1,-,R,N
M0792_2557,TISCOTW2,-,R,N
M0796_2555,THDRMF,AM,R,N
M0817_2555,TFUND6M7,-,R,N
M0817_2557,TISCOTW,-,R,N
M0831_2553,TISCOUP2,-,R,N
M0842_2548,TISCOGEF,-,R,N
M0842_2555,TFUND6M8,-,R,N
M0852_2556,TISCOJP2,-,R,N
M0861_2555,TISCOCT5,-,R,N
M0863_2555,TISCOAP8,-,R,N
M0870_2553,TISCOUP3,-,R,N
M0873_2555,TFUN3M15,-,R,N
M0900_2556,TISCOC12,-,R,N
M0915_2554,TBOND3Y,-,R,N
M0957_2555,TISCOCT6,-,R,N
M0957_2556,TISCONA1,-,R,N
M0960_2556,TISEQT16,-,R,N
M0965_2555,TISCOCT7,-,R,N
M0968_2555,TISEQT7,-,R,N
M0978_2555,TFUND6M9,-,R,N
M0998_2555,TISCOAL6,-,R,N
M1084_2557,TISCONA4,-,R,N
M1087_2557,TISCOJP6,-,R,N
M1151_2557,TCHSTARP,AM,R,N
M1230_2557,TOIL1,-,R,N
M1251_2557,TISEQT18,AM,R,N
M0012_2537,B-INFRA,AM,R,N
M0013_2537,BKD,AM,R,N
M0014_2537,BTK,AM,R,N
M0015_2537,BTP,AM,R,N
M0023_2547,B-ACTIVE,OT,R,N
M0024_2537,BKA2,AM,R,N
M0030_2560,BRRGIF,-,R,N
M0033_2544,B-FLEX,OT,R,N
M0034_2538,BBASIC,AM,R,N
M0034_2539,BCAP,AM,R,N
M0035_2536,BKA,AM,R,N
M0042_2562,B-TOPTENLTF,AM,R,N
M0057_2559,B-ASEAN,AM,R,N
M0059_2545,BFLRMF,AM,R,N
M0061_2552,BKWRMF,-,R,N
M0062_2545,BFRMF,AM,R,N
M0064_2563,B-ENHANCED,AM,R,N
M0067_2545,BERMF,AM,R,N
M0083_2558,BCARERMF,OT,R,N
M0087_2561,B-FUTURE,AM,R,N
M0089_2561,B-TOPTENRMF,AM,R,N
M0121_2560,B-INCOME,OT,R,N
M0124_2563,BEQSSF,AM,R,N
M0148_2560,B-ASEANRMF,AM,R,N
M0170_2550,BLTF75,AM,R,N
M0197_2561,B-ASIARMF,OT,R,N
M0202_2556,BSIRIRMF,AM,R,N
M0213_2561,B-INNOTECHRMF,OT,R,N
M0219_2563,BM70SSF,AM,R,N
M0237_2557,BBASICRMF,AM,R,N
M0257_2556,BTSGIF,-,R,N
M0259_2551,IN-RMF,AM,R,N
M0273_2548,TFUND,-,R,N
M0275_2558,B-MAI,-,R,N
M0324_2550,BCARE,OT,R,N
M0337_2553,BFIXED,AM,R,N
M0343_2562,B-IR-FOF,AM,R,N
M0349_2558,B-GLOBAL,OT,R,N
M0350_2554,B-TREASURY,AM,R,N
M0352_2554,BCHAY,-,R,N
M0389_2549,FUTUREPF,-,R,N
M0401_2558,B-LIFE,-,R,N
M0404_2560,B-BHARATA,OT,R,N
M0419_2560,B-THAICG,AM,R,N
M0439_2559,BBASICDLTF,AM,R,N
M0452_2560,B-INDIAMRMF,OT,R,N
M0495_2558,B-GLOBALRMF,OT,R,N
M0511_2557,BKIND,AM,R,N
M0556_2560,B-SENIOR-X,AM,R,N
M0570_2547,B-LTF,AM,R,N
M0573_2562,B-IR-FOFRMF,AM,R,N
M0597_2551,MM-RMF,OT,R,N
M0598_2551,B10RMF,-,R,N
M0651_2560,B-CHINE-EQ,OT,R,N
M0663_2557,B-ASIA,OT,R,N
M0667_2559,B-INNOTECH,OT,R,N
M0673_2552,TLOGIS,-,R,N
M0747_2554,BSIRICG,AM,R,N
M0772_2557,B-NIPPON,OT,R,N
M0775_2554,B-SM-RMF,AM,R,N
M0934_2547,B-TNTV,AM,R,N
M0943_2555,B-SENIOR,OT,R,N
M0991_2550,B25RMF,AM,R,N
M1153_2557,JASIF,-,R,N
M0002_2557,TRIG5-2,-,R,N
M0009_2551,KTMIX10/90,-,R,N
M0015_2552,KTIL,-,R,N
M0020_2543,KTSF,AM,R,N
M0021_2559,KT-JAPAN,OT,R,N
M0027_2562,KT-SAGA,AM,R,N
M0031_2543,KTFIXPLUS,AM,R,N
M0032_2561,KTSUK,AM,R,N
M0033_2561,KTSRI,AM,R,N
M0035_2561,KTMEE,AM,R,N
M0036_2561,KTMUNG,AM,R,N
M0039_2544,KT-Corp,-,R,N
M0043_2554,KTPS,-,R,N
M0055_2558,KTMSEQ,AM,R,N
M0086_2562,KT-JPFUND,OT,R,N
M0087_2560,KT-CHINA,OT,R,N
M0088_2561,KT-MAB,OT,R,N
M0101_2561,KT-MFE,OT,R,N
M0103_2561,KT-MFB,OT,R,N
M0110_2545,RMF1,AM,R,N
M0112_2545,RMF2,AM,R,N
M0122_2551,KTFIX6M1,-,R,N
M0123_2551,KTFIX6M2,-,R,N
M0124_2551,KTFIX6M3,-,R,N
M0124_2558,KT-ASEAN,OT,R,N
M0125_2551,KTFIX6M4,-,R,N
M0126_2551,KTFIX6M5,-,R,N
M0127_2551,KTFIX6M6,-,R,N
M0128_2551,KTGT1,-,R,N
M0139_2552,KTSV,SM,R,N
M0141_2561,KT-WTAI,OT,R,N
M0143_2555,TLGF,-,R,N
M0158_2563,KT70/30S,AM,R,N
M0159_2556,KTILF,-,R,N
M0168_2561,KT-CSBOND,OT,R,N
M0176_2557,KTNA8,-,R,N
M0180_2562,KT-CARE,AM,R,N
M0181_2559,KT-PIF,AM,R,N
M0185_2562,KT-TRIG1,OT,R,N
M0186_2548,RMF3,AM,R,N
M0191_2556,KTILF,SM,R,N
M0196_2558,TRIG5-5,-,R,N
M0199_2553,TCIF,-,R,N
M0214_2554,KT-AGRI,OT,R,N
M0215_2561,KT-DHINCOME,OT,R,N
M0224_2555,KT-TRIGGER5,-,R,N
M0243_2552,KT-ENERGY,OT,R,N
M0244_2558,KT-APEF,-,R,N
M0259_2562,KT-EMEQ,OT,R,N
M0264_2550,KSET50LTF,OT,R,N
M0266_2559,TRIG5-7,AM,R,N
M0288_2554,KTEF,AM,R,N
M0295_2562,KT-TRIG1,OT,R,N
M0299_2553,KT-OIL,OT,R,N
M0303_2558,EGATIF,-,R,N
M0304_2559,KTSTPLUS,AM,R,N
M0314_2553,KT-MINING,OT,R,N
M0315_2559,KTWP,AM,R,N
M0336_2561,KT-BRAIN,AM,R,N
M0344_2557,THIF,-,R,N
M0357_2559,KTWG,AM,R,N
M0374_2561,KT-BRAIN RMF,AM,R,N
M0380_2549,KSRMF,AM,R,N
M0381_2549,KSLTF,AM,R,N
M0392_2558,KT-AASIA,OT,R,N
M0396_2556,KTPLUS,AM,R,N
M0403_2554,TRIF,-,R,N
M0412_2558,KT-mai,AM,R,N
M0423_2549,KTLF70/30,AM,R,N
M0433_2553,KTSM,-,R,N
M0455_2558,KTCHINA8-1,-,R,N
M0480_2558,TRIG5-6,-,R,N
M0484_2560,KTBTHAICG,AM,R,N
M0494_2559,KT-PIF RMF,AM,R,N
M0505_2559,KTEF-LTF,AM,R,N
M0509_2554,KT-PROPERTY,OT,R,N
M0509_2560,KT25/75,AM,R,N
M0513_2562,KT-TRIG2,OT,R,N
M0526_2546,KTSE,AM,R,N
M0529_2558,KTOIL5-1,OT,R,N
M0547_2551,KTDMM,-,R,N
M0550_2551,KTEMM,-,R,N
M0551_2551,KTFIX3M1,AM,R,N
M0552_2551,KTFIX3M2,AM,R,N
M0553_2551,KTFIX3M3,AM,R,N
M0557_2552,KT-FINANCE,OT,R,N
M0559_2559,KT-CLMVT,AM,R,N
M0559_2560,KTEF-RMF,AM,R,N
M0570_2559,KTSE-LTF,AM,R,N
M0576_2562,KT-TRIG3,OT,R,N
M0583_2547,KTLF,AM,R,N
M0586_2560,KT-CHINA RMF,OT,R,N
M0602_2558,KT-HEALTHCARE,OT,R,N
M0607_2557,TRIG5-3,-,R,N
M0625_2560,KT-GCINCOME,OT,R,N
M0627_2558,KT-HEALTHC RMF,OT,R,N
M0634_2556,KT-FLEX,AM,R,N
M0642_2558,KT-INDIA,OT,R,N
M0647_2551,KTSIV3M1,AM,R,N
M0649_2551,KTSIV6M1,AM,R,N
M0650_2553,KT-GOLD,OT,R,N
M0651_2553,KTSRO3M1,-,R,N
M0652_2553,KT-GOLD RMF,OT,R,N
M0653_2553,KTSRO6M1,-,R,N
M0658_2556,KT-HiDiv,AM,R,N
M0659_2559,TFFIF,-,R,N
M0661_2556,KT-HiDiv RMF,-,R,N
M0671_2551,KTSIV3M2,AM,R,N
M0672_2551,KTSIV3M3,AM,R,N
M0674_2558,KTEURO8-2,-,R,N
M0675_2551,KTSIV6M2,AM,R,N
M0676_2551,KTSIV6M3,AM,R,N
M0677_2551,KTSIV6M4,AM,R,N
M0678_2551,KTSIV6M5,AM,R,N
M0680_2551,KTSIV6M6,AM,R,N
M0680_2557,KT-WEQ,OT,R,N
M0688_2556,KT-OPP,AM,R,N
M0705_2559,KT-GOI,OT,R,N
M0715_2553,TTLPF,-,R,N
M0718_2551,RMF4,AM,R,N
M0721_2556,KTFIX-1Y3Y,-,R,N
M0730_2555,KTSE-RMF,AM,R,N
M0739_2554,KT-ST,AM,R,N
M0753_2553,KT-PRECIOUS,OT,R,N
M0758_2554,KT-BOND,OT,R,N
M0795_2553,CHINA,OT,R,N
M0795_2554,KT-TRIGGER4,-,R,N
M0795_2557,TRIG5-4,-,R,N
M0822_2556,KT-HiDiv RMF,AM,R,N
M0824_2555,KT-PROPERTY RMF,OT,R,N
M0869_2557,KT-WEQ RMF,OT,R,N
M0884_2548,KTSS,AM,R,N
M0886_2555,KT-BOND RMF,OT,R,N
M0928_2556,KTFIX-1Y3Y,AM,R,N
M0962_2555,KT-WCORP,OT,R,N
M0979_2553,DTCPF,-,R,N
M0980_2556,KT-EURO,OT,R,N
M1150_2557,KT25/75RMF,AM,R,N
M1216_2557,KTNA5,-,R,N
M1250_2557,KT-US,OT,R,N
M0001_2540,ONE-FAR,SM,R,N
M0002_2558,ONE-IFCG1,SM,R,N
M0013_2548,1MM1,-,R,N
M0015_2536,ONE-UB 3,AM,R,N
M0016_2536,ONE+1,AM,R,N
M0016_2560,ONE-POWER,AM,R,N
M0017_2535,ONE-G,AM,R,N
M0017_2549,1GB-PROTECT2,-,R,N
M0021_2536,THANA1,AM,R,N
M0022_2561,ONE-TOP5M/2,OT,R,N
M0022_2562,ONE-SETHD,AM,R,N
M0025_2536,ONE-EQ,AM,R,N
M0030_2551,PFFUND,-,R,N
M0037_2543,ONE-DP,-,R,N
M0038_2558,ONE-CHINA5/2,-,R,N
M0038_2561,ONE-VIETNAM,AM,R,N
M0039_2557,ONE-SPOT 5,-,R,N
M0041_2536,ONE-FAS,SM,R,N
M0050_2536,SYRUS-M,AM,R,N
M0052_2556,ONE-FLEXACTIVE3,-,R,N
M0063_2558,ONE-ACTIVE6,-,R,N
M0068_2544,M-RMF,SM,R,N
M0069_2544,F-RMF,SM,R,N
M0070_2544,V-RMF,AM,R,N
M0075_2545,GBFF,-,R,N
M0076_2557,ONE-CHINA7,-,R,N
M0076_2559,ONE-HOSPITAL,AM,R,N
M0076_2560,ONE-GUS,AM,R,N
M0078_2561,ONE-EUROEQ,OT,R,N
M0088_2562,ONE-GECOM,AM,R,N
M0114_2542,ONE-FLEX,SM,R,N
M0121_2558,ONE-JP5/2,-,R,N
M0122_2558,ONE-SPOT5/4,SM,R,N
M0126_2548,1MM2,-,R,N
M0132_2545,FCF,SM,R,N
M0134_2546,FLEXAR,SM,R,N
M0136_2563,ONE-TCMSSF,AM,R,N
M0140_2556,ONEPROP-D,AM,R,N
M0143_2552,1FIXFIF6M/1,-,R,N
M0148_2559,ONE-ACT,AM,R,N
M0167_2554,ONE-AGRI,-,R,N
M0193_2556,ONE-FLEXACTIVE4,-,R,N
M0199_2550,1SMART-LTF,AM,R,N
M0203_2558,ONE-CHINA5/3,SM,R,N
M0206_2554,SG-EQ,-,R,N
M0209_2557,ONE-SPOT4,-,R,N
M0212_2552,1FIXFIF1Y/3,-,R,N
M0214_2542,ONE-DI,SM,R,N
M0235_2551,1US-OPP,SM,R,N
M0240_2561,ONE-ALLCHINA,AM,R,N
M0244_2561,ONE-OPPORTUNITY6,OT,R,N
M0258_2558,ONE-ACTIVE6/2,SM,R,N
M0259_2557,ONE-US5,-,R,N
M0268_2550,1PLUS-6M,BH,R,N
M0274_2548,TIF1,-,R,N
M0276_2554,1FIX-3M1,BH,R,N
M0279_2558,ONE-SHARIAH6,-,R,N
M0280_2548,1VAL-D,AM,R,N
M0280_2560,ONE-APACPROP,AM,R,N
M0294_2551,1FIXFIF1Y/1,-,R,N
M0307_2552,1FIXFIF2Y/1,-,R,N
M0309_2555,ONE-OIL,-,R,N
M0314_2552,TFTSE,-,R,N
M0323_2560,ONE-INDIA,AM,R,N
M0337_2554,1FIX-3M2,BH,R,N
M0337_2557,ONE-CHINA5,-,R,N
M0348_2551,1AM-GA,-,R,N
M0363_2558,ONE-ULTRA,SM,R,N
M0364_2548,1SG-LTF,AM,R,N
M0372_2556,ONE-PREMIER,SM,R,N
M0394_2561,ONE-OPPORTUNITY6/2,OT,R,N
M0395_2557,ONE-STARS,SM,R,N
M0399_2550,1GBP2Y/1,-,R,N
M0430_2550,1GLOBALBOND,SM,R,N
M0431_2550,1GLOBALBOND-D,-,R,N
M0435_2553,1FIXFIF2Y/2,-,R,N
M0436_2558,ONE-NORTH10,SM,R,N
M0441_2548,1MM3,-,R,N
M0452_2552,1FIXFIF1Y/4,-,R,N
M0453_2552,1FIXFIF6M/2,-,R,N
M0454_2560,ONE-GLOBHY,OT,R,N
M0457_2554,GOLD99,-,R,N
M0464_2557,ONE-SPOT5/2,-,R,N
M0467_2558,ONE-CHINA10,AM,R,N
M0473_2559,ONE-ACT70LTF,AM,R,N
M0476_2551,1FIXFIF1Y/2,-,R,N
M0486_2561,ONE-DELIGHT,AM,R,N
M0510_2552,1FIXFIF6M/3,-,R,N
M0512_2546,1AMSET50,AM,R,N
M0518_2559,ONE-SHARIAHLTF,AM,R,N
M0526_2557,SSTSS,-,R,N
M0542_2556,ONE-JAPAN,-,R,N
M0546_2562,ONE-TOP5MA,OT,R,N
M0559_2558,ONE-EURO8,SM,R,N
M0572_2553,1FIXFIF1Y/5,-,R,N
M0591_2548,1MM4,-,R,N
M0597_2547,1S-LTF,AM,R,N
M0609_2559,ONE-FIXED,SM,R,N
M0609_2560,ONE-INDIAOPP,OT,R,N
M0610_2552,ONE-PROP,AM,R,N
M0615_2553,1FIN6M/1,BH,R,N
M0618_2562,ONE-DISC,OT,R,N
M0626_2551,1AM-TG,SM,R,N
M0633_2546,FLEX-RMF,SM,R,N
M0637_2559,ONE-UGERMF,AM,R,N
M0638_2560,ONE-TOP5M,OT,R,N
M0642_2546,BKKCP,-,R,N
M0649_2557,ONE-MOAT7,-,R,N
M0664_2560,ONE-GLOBFIN,OT,R,N
M0694_2557,ONE-ASEAN,SM,R,N
M0742_2556,UNIPF,-,R,N
M0745_2553,1FIN6M/2,BH,R,N
M0746_2550,1AM-DAILY,SM,R,N
M0752_2558,ONE-OPPORTUNITY5/1,-,R,N
M0768_2546,ONE-EC14,AM,R,N
M0768_2555,ONEPROP-RMF,AM,R,N
M0774_2553,1FIX-6M3,BH,R,N
M0775_2553,1FIX-6M4,-,R,N
M0815_2548,1GB-PROTECT1,-,R,N
M0843_2548,1AM-GEM,SM,R,N
M0858_2548,ONE-DI2,SM,R,N
M0859_2557,ONE-SPOT4/2,SM,R,N
M0909_2556,ONE-EURO,-,R,N
M0975_2547,MIPF,-,R,N
M1091_2557,TLHPF,-,R,N
M1220_2557,ONE-SPOT5/3,-,R,N
M1238_2557,ONE-JP5,-,R,N
M1247_2557,ONE-DYNAMIC15,-,R,N
M0001_2536,KPLUS,AM,R,N
M0002_2560,UGIS,OT,R,N
M0005_2563,UINC,OT,R,N
M0010_2549,UOBSIG,-,R,N
M0021_2554,UOBID,AM,R,N
M0021_2558,UOBGARMF,OT,R,N
M0025_2555,UOB8TF,-,R,N
M0025_2556,INGT8,-,R,N
M0028_2547,TEF-DIV,AM,R,N
M0029_2551,QHOP,-,R,N
M0030_2548,GHD,-,R,N
M0032_2540,TBF,AM,R,N
M0034_2543,TFIF,OT,R,N
M0035_2542,TEF,AM,R,N
M0035_2543,TCMF-M,AM,R,N
M0036_2537,KKF,AM,R,N
M0039_2554,INGEQT2,-,R,N
M0040_2557,T10,-,R,N
M0041_2557,UOBT15,-,R,N
M0048_2536,TDF,AM,R,N
M0050_2544,UOBST 3M1,-,R,N
M0052_2536,KPLUS2,AM,R,N
M0052_2544,UOBST 3M2,-,R,N
M0053_2544,UOBST 3M3,-,R,N
M0053_2556,INGT9,-,R,N
M0055_2557,UOBT16,-,R,N
M0069_2558,JT4P4(4),-,R,N
M0076_2545,ASIA-B,AM,R,N
M0076_2563,UEDTECH,OT,R,N
M0082_2554,INGUSG,-,R,N
M0083_2545,UOBGBRMF,AM,R,N
M0086_2556,UOBTRT2,-,R,N
M0088_2545,UOBSVRMF,AM,R,N
M0089_2545,UOBEQRMF,AM,R,N
M0095_2562,UDAILY,AM,R,N
M0102_2561,UVO,AM,R,N
M0110_2557,T11,-,R,N
M0116_2546,HARVEST,-,R,N
M0116_2549,UOBSD,AM,R,N
M0117_2558,T3P3 (11),-,R,N
M0119_2556,UOBCT1,-,R,N
M0120_2550,EHD,OT,R,N
M0124_2554,INGEQT3,-,R,N
M0127_2559,UIDPLUS,AM,R,N
M0129_2558,UOBT20,-,R,N
M0145_2561,UJPT1,OT,R,N
M0147_2549,ASIA-E,AM,R,N
M0148_2549,UOBP 3M1,-,R,N
M0150_2554,INGGCT2,-,R,N
M0165_2562,UJSMRMF,OT,R,N
M0165_2563,UOBEQ-MSSF,AM,R,N
M0167_2561,UGEAR,OT,R,N
M0176_2558,JT4P4(5),-,R,N
M0178_2545,GBRMF,AM,R,N
M0178_2558,JT4P4(6),-,R,N
M0181_2545,ERMF,AM,R,N
M0194_2555,MIX-D1585,AM,R,N
M0204_2556,UOBT13,AM,R,N
M0208_2549,3MR(C),-,R,N
M0212_2558,UAI,OT,R,N
M0218_2556,UOBBT1,-,R,N
M0220_2542,UOBSMG,AM,R,N
M0222_2555,TCMFENJOY,AM,R,N
M0227_2560,UEMIF,OT,R,N
M0228_2551,UOBSAS100D,OT,R,N
M0232_2553,UOBSG,OT,R,N
M0233_2550,UOBSA,OT,R,N
M0238_2557,UOBSHY-M,OT,R,N
M0239_2557,USHY-M,OT,R,N
M0242_2550,70/30-D LTF,AM,R,N
M0242_2556,UOBT14,-,R,N
M0243_2558,UOBSAI,OT,R,N
M0245_2550,VALUE-D LTF-M,AM,R,N
M0246_2549,UOBP 3M3,-,R,N
M0247_2549,UOBP 3M2,-,R,N
M0247_2553,UOBSAC,-,R,N
M0259_2558,JT4P4(7),-,R,N
M0269_2561,UGARS,OT,R,N
M0271_2553,INGVALUE,-,R,N
M0273_2559,UGMAC,OT,R,N
M0276_2561,UGQG,OT,R,N
M0280_2562,UCHINARMF,OT,R,N
M0283_2549,UOBP 6M1,-,R,N
M0284_2549,UOBP 6M2,-,R,N
M0287_2559,UPINCM,AM,R,N
M0290_2555,INGT5,-,R,N
M0296_2552,GC,OT,R,N
M0300_2548,UOBSAS100,OT,R,N
M0334_2549,UOBP 6M3,-,R,N
M0336_2551,UOBSC,OT,R,N
M0344_2549,TU-PF,-,R,N
M0345_2561,UNI,AM,R,N
M0346_2550,GW,-,R,N
M0368_2559,UFIN,AM,R,N
M0393_2553,UOBSGM,-,R,N
M0395_2558,UTSME,AM,R,N
M0397_2558,UOBTSME,-,R,N
M0398_2561,UGQGRMF,OT,R,N
M0399_2549,UOBP 6M4,-,R,N
M0404_2556,UOBJT1,-,R,N
M0423_2550,UOBSGC,OT,R,N
M0434_2558,JT4P4(10),SM,R,N
M0438_2558,JT4P4(11),-,R,N
M0460_2559,UIFRMF,OT,R,N
M0466_2550,BRIC,OT,R,N
M0472_2555,INGT6,-,R,N
M0475_2558,UHCRMF,OT,R,N
M0476_2557,EST1,-,R,N
M0477_2557,UOBEST1,-,R,N
M0482_2557,T3P3,-,R,N
M0490_2557,UOBT17,-,R,N
M0492_2547,CG-LTF-M,AM,R,N
M0494_2560,UTHAICG,AM,R,N
M0510_2560,UGISRMF,OT,R,N
M0518_2554,INGEQT4,-,R,N
M0521_2558,UJRES,OT,R,N
M0523_2562,UJAZZ-M,AM,R,N
M0524_2562,UPOP-M,AM,R,N
M0525_2551,TTRY,OT,R,N
M0525_2562,UROCK-M,AM,R,N
M0533_2561,UCHINA,OT,R,N
M0550_2557,T3P3 (2),-,R,N
M0563_2545,UOBAPF,-,R,N
M0573_2553,UOBSCI,OT,R,N
M0574_2551,ING CA,-,R,N
M0575_2551,ING AHD,-,R,N
M0582_2559,UTSME-LTF,AM,R,N
M0585_2546,GEM-D,AM,R,N
M0598_2558,UES,OT,R,N
M0604_2552,UOBM 3M1,-,R,N
M0607_2559,CG-RMF,AM,R,N
M0611_2560,UDB,OT,R,N
M0614_2547,UOBLTF-M,AM,R,N
M0615_2555,VFOCUS-D,AM,R,N
M0624_2557,T3P3 (3),-,R,N
M0630_2558,UGD,OT,R,N
M0643_2557,UOBT18,-,R,N
M0644_2553,UOBSDF,AM,R,N
M0644_2557,UGH,OT,R,N
M0654_2557,UOBSHC,OT,R,N
M0666_2562,BPLUS-M,AM,R,N
M0688_2558,UGSE,OT,R,N
M0689_2557,T3P3 (5),AM,R,N
M0706_2559,USDHY,OT,R,N
M0710_2557,T3P3 (6),AM,R,N
M0741_2558,UIF,OT,R,N
M0758_2558,T3P3 (12),-,R,N
M0766_2547,SVRMF,AM,R,N
M0784_2554,UOBSGB,OT,R,N
M0810_2554,ADR-D,OT,R,N
M0815_2554,UOBGRMF-H,OT,R,N
M0821_2557,T3P3 (8),AM,R,N
M0843_2557,JT4P4,-,R,N
M0854_2555,INGT7,-,R,N
M0860_2548,BIG CAP-D LTF-M,AM,R,N
M0862_2554,UOBSG - H,OT,R,N
M0884_2554,UOBSET50,-,R,N
M0930_2556,UOBSJSM,OT,R,N
M0983_2556,JSM,OT,R,N
M0985_2555,UOBTRT1,-,R,N
M1039_2553,GCT,-,R,N
M1040_2553,INGGOE,-,R,N
M1075_2557,T3P3 (9),AM,R,N
M1095_2557,JT4P4(2),-,R,N
M1099_2557,UOBT19,AM,R,N
M1199_2557,UOBSGA,OT,R,N
M1203_2557,T3P3 (10),AM,R,N
M1245_2557,UOBSAE,-,R,N
M1253_2557,JT4P4(3),-,R,N
M0009_2553,KF-CHINA,OT,R,N
M0021_2540,KFSINC,-,R,N
M0023_2540,KFSEQ-D,AM,R,N
M0024_2540,KFSPLUS,AM,R,N
M0028_2541,AYFSDIV70,-,R,N
M0028_2553,KF-LATAM,OT,R,N
M0035_2560,KFTSTAR,AM,R,N
M0036_2544,KFSTFI,-,R,N
M0037_2552,KF-GOLD,OT,R,N
M0041_2551,KF-CAVAM,-,R,N
M0057_2561,KFHASIA,OT,R,N
M0058_2547,KFDNM-D,AM,R,N
M0066_2544,KFSF,AM,R,N
M0067_2544,KFFLEX-D,AM,R,N
M0068_2545,KFTW2,AM,R,N
M0071_2560,KF-HUSINDX,OT,R,N
M0072_2547,KFVALUE,AM,R,N
M0073_2541,KFMTFI-D,AM,R,N
M0073_2545,AYF-GCBF,-,R,N
M0074_2563,KFGDIV,OT,R,N
M0075_2559,KFGPROP,OT,R,N
M0076_2541,KFSMUL,AM,R,N
M0076_2561,KFINDIARMF,OT,R,N
M0077_2561,KFAFIXRMF,AM,R,N
M0081_2550,KFSDIV,AM,R,N
M0081_2561,KFDNMRMF,AM,R,N
M0082_2563,KFDIVSSF,AM,R,N
M0083_2561,KFLTFDNM,AM,R,N
M0090_2546,KFFIN-D,AM,R,N
M0096_2560,KF-HJPINDX,OT,R,N
M0100_2563,KFGBRANSSF,OT,R,N
M0105_2545,KFMTFIRMF,AM,R,N
M0107_2545,KFLTGOVRMF,AM,R,N
M0107_2561,KFVIET,OT,R,N
M0108_2545,KFFLEX2RMF,AM,R,N
M0124_2552,KF-OIL,OT,R,N
M0125_2561,KFGOOD,AM,R,N
M0125_2563,KFDIVERSE,OT,R,N
M0132_2558,KF-HCHINAD,OT,R,N
M0133_2545,KFGOVRMF,AM,R,N
M0136_2545,KFTSRMF,AM,R,N
M0143_2549,KFLTFEQ,AM,R,N
M0148_2551,KF-ASEAN,OT,R,N
M0150_2561,KFHTECH,OT,R,N
M0167_2559,KFSMART,AM,R,N
M0170_2549,KFEQRMF,AM,R,N
M0177_2549,KFMONEY,AM,R,N
M0177_2550,KFLTFD70,AM,R,N
M0178_2560,KF-JPSCAP,OT,R,N
M0206_2542,AYFSCAP70,-,R,N
M0218_2546,KFTW6,-,R,N
M0221_2552,AYFOIL10,-,R,N
M0238_2560,KF-JPSCAPD,OT,R,N
M0240_2558,KFAINCOM,OT,R,N
M0240_2559,KF-GLS,OT,R,N
M0262_2551,AYFEMDIV,-,R,N
M0277_2552,SSPF,-,R,N
M0283_2560,KF-HSMUS,OT,R,N
M0285_2550,KF-GBLVAL,OT,R,N
M0291_2549,KF-ORTFLEX,OT,R,N
M0301_2554,KF-US,OT,R,N
M0309_2556,KF-EUROPE,OT,R,N
M0316_2557,KFHEALTH,OT,R,N
M0317_2559,KFGBRAND,OT,R,N
M0331_2561,KFGOODRMF,AM,R,N
M0342_2549,KFFLEX,AM,R,N
M0357_2549,KFLTFEQ70D,AM,R,N
M0372_2560,KFHAPPY,AM,R,N
M0386_2552,KFGOLDRMF,OT,R,N
M0389_2555,KF-HGOLD,OT,R,N
M0401_2549,JCP,-,R,N
M0401_2550,KFCASHPLUS,AM,R,N
M0406_2560,KFMINCOM,OT,R,N
M0411_2560,KFTHAICG,AM,R,N
M0418_2560,KF-INDIA,OT,R,N
M0427_2550,KF-BRIC,OT,R,N
M0429_2550,KF-EMB,-,R,N
M0440_2559,KF-SINCOME,OT,R,N
M0458_2559,KFAFIX,AM,R,N
M0460_2546,KFGROWTH,AM,R,N
M0460_2550,KFDIVRMF,AM,R,N
M0473_2561,KFHHCARE,OT,R,N
M0475_2560,KFLTFSTARD,AM,R,N
M0477_2555,KFLS20PLUS,AM,R,N
M0484_2559,KF-CSINCOM,OT,R,N
M0487_2560,KFCHINARMF,OT,R,N
M0488_2560,KFGTECHRMF,OT,R,N
M0489_2560,KFHAPPYRMF,AM,R,N
M0490_2560,KFSTARRMF,AM,R,N
M0503_2556,KFMIX80-20,AM,R,N
M0515_2554,KFMX2TM,AM,R,N
M0515_2557,KF-SMCAPD,OT,R,N
M0517_2561,KFSUPERRMF,AM,R,N
M0518_2561,KFSUPER,AM,R,N
M0524_2555,KFLS30PLUS,AM,R,N
M0525_2555,KFLS55PLUS,AM,R,N
M0530_2546,KFDYNAMIC,AM,R,N
M0530_2550,KF-ENBOND,-,R,N
M0532_2550,KFENSET50,AM,R,N
M0535_2559,KFLTFAST-D,AM,R,N
M0550_2559,KFSINCRMF,OT,R,N
M0560_2554,KFMXPLS2TM,AM,R,N
M0566_2559,KFGBRANRMF,OT,R,N
M0577_2559,KFLTFTSM-D,AM,R,N
M0580_2562,KFPREFER,OT,R,N
M0588_2558,KF-CINCOME,OT,R,N
M0607_2547,KFLTFDIV,AM,R,N
M0611_2547,KFLTFA50-D,AM,R,N
M0620_2558,KFJAPANRMF,OT,R,N
M0643_2562,KFENFIX,AM,R,N
M0665_2546,KFMTFI,AM,R,N
M0671_2560,KFACHINA,OT,R,N
M0693_2559,KF-GTECH,OT,R,N
M0700_2557,KFJP4P4-P1,-,R,N
M0703_2551,KFCASH2,-,R,N
M0705_2554,KFFIX2TM,-,R,N
M0718_2546,KFCASH,AM,R,N
M0729_2555,KF-EM,OT,R,N
M0747_2553,KF-TRB,OT,R,N
M0759_2558,KFTHAISM,AM,R,N
M0762_2547,KFCASHRMF,AM,R,N
M0770_2546,KFSEQ,AM,R,N
M0814_2557,KF-HEUROPE,OT,R,N
M0862_2555,KF-ELI,OT,R,N
M0872_2548,AYFGOV6M,-,R,N
M0874_2548,AYFGOV3M,-,R,N
M0922_2556,KFEURORMF,OT,R,N
M0939_2550,KF-WATER,-,R,N
M1078_2557,KF-INCOME,OT,R,N
M1094_2557,KFHCARERMF,OT,R,N
M1257_2557,KF-HJAPAND,OT,R,N
M0003_2537,T-EQUITY,AM,R,N
M0003_2549,TGOV4,-,R,N
M0003_2552,TGOV7,-,R,N
M0005_2549,TGOV5,-,R,N
M0007_2537,T-ASD,AM,R,N
M0009_2537,T-SPT,AM,R,N
M0012_2550,TGOV3M4,-,R,N
M0013_2536,T-CSD,AM,R,N
M0013_2550,TFIX-3M#5,OT,R,N
M0014_2535,T-STSD,AM,R,N
M0014_2556,T-IncomePlus,AM,R,N
M0019_2536,T-USD,AM,R,N
M0020_2536,T-USD2,AM,R,N
M0021_2541,T-TSB,AM,R,N
M0024_2535,T-PPSD,AM,R,N
M0026_2538,T-PASD,AM,R,N
M0029_2538,T-PISD,AM,R,N
M0032_2543,T-TSARN,AM,R,N
M0037_2537,T-KSD,AM,R,N
M0044_2551,T-MONEY,AM,R,N
M0045_2550,TGOV5,-,R,N
M0048_2549,TGOV3M1,OT,R,N
M0049_2549,TGOV3M2,OT,R,N
M0050_2549,TGOV3M3,-,R,N
M0056_2545,T-NERMF,AM,R,N
M0057_2556,T-Privilege,AM,R,N
M0065_2560,T-DIV,AM,R,N
M0065_2563,T-ES-CHINA A,OT,R,N
M0068_2557,T-USChallenge#1,-,R,N
M0071_2544,T-NGRMF,AM,R,N
M0075_2560,T-Care,AM,R,N
M0075_2562,T-MultiIncome,OT,R,N
M0078_2545,T-NMRMF,AM,R,N
M0081_2559,T-PropInfraFlex,AM,R,N
M0084_2552,TFIXFIF-FOF,-,R,N
M0088_2563,T-ES-GSBOND,OT,R,N
M0123_2556,T-Challenge8,OT,R,N
M0125_2556,T-DMixed,AM,R,N
M0133_2558,T-CHChallenge#1,OT,R,N
M0138_2558,T-Challenge23,-,R,N
M0141_2557,T-SM Cap,AM,R,N
M0147_2561,T-SmartBeta,AM,R,N
M0148_2548,NFF,-,R,N
M0154_2560,T-DIV2,AM,R,N
M0165_2550,T-GlobalValue,AM,R,N
M0168_2559,T-Challenge25,AM,R,N
M0173_2550,TGOV6,-,R,N
M0173_2558,T-ThaiASEAN,-,R,N
M0174_2554,T-WorldLeaderEQ,-,R,N
M0193_2559,T-Mixed7030,AM,R,N
M0202_2557,T-EuropeChallenge#1,-,R,N
M0202_2559,T-Fixed3MA,OT,R,N
M0203_2559,T-TsarnPlus,AM,R,N
M0221_2549,T-INFRA,AM,R,N
M0221_2554,TGoldRMF-H,OT,R,N
M0221_2556,T-Smart3,AM,R,N
M0222_2554,TGoldRMF-UH,OT,R,N
M0228_2556,T-Challenge9,OT,R,N
M0268_2558,T-EUChallenge2P,OT,R,N
M0282_2558,T-JPChallenge2P,-,R,N
M0288_2560,T-Challenge29,OT,R,N
M0297_2556,T-Challenge11,-,R,N
M0298_2556,T-Challenge12,-,R,N
M0302_2556,T-SM Cap,-,R,N
M0302_2559,T-Challenge26,AM,R,N
M0303_2556,T-Challenge14,OT,R,N
M0306_2556,T-Smart5,AM,R,N
M0317_2549,TFIX-3M#2,OT,R,N
M0320_2551,T-ALLSTARSEM,-,R,N
M0322_2550,T-PREMIUM BRAND,OT,R,N
M0339_2558,T-Challenge24,-,R,N
M0356_2549,TFIX-3M#3,OT,R,N
M0359_2549,TFIX-3M#4,OT,R,N
M0362_2558,T-Healthcare,OT,R,N
M0367_2550,T-GLOBALBOND-D,-,R,N
M0367_2558,T-HealthcareRMF,OT,R,N
M0370_2558,T-FinanceTH,AM,R,N
M0370_2559,T-Challenge27,AM,R,N
M0371_2546,T-TTW1,AM,R,N
M0383_2562,T-GlobalESG,AM,R,N
M0414_2553,T-GlobalEQ,AM,R,N
M0422_2545,T-NFRMF,AM,R,N
M0430_2559,T-AsianProp,OT,R,N
M0431_2551,T-ETFCOUNTRY,-,R,N
M0450_2559,T-Challenge28,OT,R,N
M0471_2551,T-WORLDMINING,-,R,N
M0475_2551,T-WORLDGOLDEQ,-,R,N
M0478_2559,T-LowBetaLTFD,AM,R,N
M0495_2546,T-NSET,AM,R,N
M0496_2558,T-JapanEQ,OT,R,N
M0500_2558,T-EuropeEQ,OT,R,N
M0537_2551,T-FOCUSFIF,-,R,N
M0540_2559,T-SMCapLTF,AM,R,N
M0564_2551,T-GLBALLOCATION,-,R,N
M0569_2554,TGOV7,-,R,N
M0570_2551,T-GLOBALRMF,-,R,N
M0578_2557,T-AEC,-,R,N
M0585_2555,T-GlobalFixed,AM,R,N
M0586_2552,T-MAP,AM,R,N
M0628_2551,TFIX-3M#6,-,R,N
M0637_2553,T-GlobalBondRMF,OT,R,N
M0639_2557,T-Challenge17,OT,R,N
M0653_2547,T-LTFD,AM,R,N
M0655_2556,T-Challenge15,OT,R,N
M0656_2547,T-BigCapLTF,AM,R,N
M0659_2547,T-NMIXRMF,AM,R,N
M0663_2559,T-DPlus,AM,R,N
M0672_2548,T-CASH,AM,R,N
M0681_2556,T-GlobalEQRMF,AM,R,N
M0692_2562,T-ES-GTech,OT,R,N
M0699_2558,T-PrimeLowBeta,AM,R,N
M0710_2546,T-NFPLUS,AM,R,N
M0734_2558,T-PropertyRMF,AM,R,N
M0738_2557,T-AllStar,-,R,N
M0770_2550,T-GLOBALBOND,AM,R,N
M0811_2548,TGOV1,-,R,N
M0812_2548,TGOV2,-,R,N
M0813_2548,TGOV3,-,R,N
M0819_2555,T-LowBetaRMF,AM,R,N
M0844_2553,TGoldBullion-H,OT,R,N
M0859_2555,T-Smart,AM,R,N
M0905_2553,TGoldBullion-UH,OT,R,N
M0913_2554,T-LowBeta,AM,R,N
M0960_2554,TFIX-3M#7,-,R,N
M0965_2550,T-GlobalEnergy,AM,R,N
M0995_2555,T-USChallenge2,-,R,N
M1089_2557,T-Challenge18,OT,R,N
M1129_2557,T-Challenge19,-,R,N
M1221_2557,T-Property,AM,R,N
M1229_2557,T-Challenge20,-,R,N
M1234_2557,T-JPChallenge#1,-,R,N
M1239_2557,T-USChallenge#2,-,R,N
M1241_2557,T-USChallenge#3,-,R,N
M1242_2557,T-JPChallenge1,AM,R,N
M1259_2557,T-Challenge21,OT,R,N
M1260_2557,T-Challenge22,OT,R,N
M0262_2560,SMF,AM,R,N
M0640_2560,STDF,AM,R,N
M0072_2554,FAM WSF,-,R,N
M0148_2555,FAM FIPR3M1,-,R,N
M0170_2551,FAM MM,-,R,N
M0184_2555,FAM FIPR3M2,-,R,N
M0230_2555,FAM FIPR3M3,-,R,N
M0254_2555,FAM VEF,-,R,N
M0262_2555,FAM FIPR3M4,-,R,N
M0278_2557,PLPF,-,R,N
M0363_2555,FAM FIPR6M3,-,R,N
M0366_2555,FAM FIPR3M5,-,R,N
M0573_2551,FAM GTEF,-,R,N
M0653_2552,FAM VEF,-,R,N
M0694_2555,FAM FIPR3M6,-,R,N
M0827_2553,FAM FBVF,-,R,N
M1210_2557,BBWPF,-,R,N
M0003_2553,ASP-TOPFIF,-,R,N
M0010_2550,SIF-6M1,-,R,N
M0024_2551,ASP-PDI,-,R,N
M0024_2558,ASP-OPPORTUNITY1,AM,R,N
M0031_2551,SVAF,-,R,N
M0038_2543,ASP-IDF,-,R,N
M0051_2556,ASP-PRIME4,AM,R,N
M0056_2561,ASP-DISRUPT,AM,R,N
M0065_2562,ASP-DGOV,AM,R,N
M0067_2552,ASP-ACFIXED7,-,R,N
M0073_2562,ASP-IHEALTH,AM,R,N
M0084_2557,ASP-TRIGGER3/3,-,R,N
M0100_2551,ASP-ACFIXED1,-,R,N
M0101_2554,ASP-ACFIXED8,-,R,N
M0104_2557,ASP-THEQ,AM,R,N
M0125_2560,ASP-FFPLUS,AM,R,N
M0128_2555,ASP-SMART12,-,R,N
M0134_2554,ASP-STRATEGIC,AM,R,N
M0142_2542,ASP,AM,R,N
M0146_2549,ASP-NGF,OT,R,N
M0156_2552,ACFIF3,-,R,N
M0172_2552,ASP-SMART-DI,-,R,N
M0175_2563,ASP-SME-MSSF,AM,R,N
M0179_2551,ASP-MMF4,-,R,N
M0183_2557,ASP-STARS10,-,R,N
M0187_2552,ASP-OIL,OT,R,N
M0206_2552,ASP-GOLD,OT,R,N
M0208_2552,ACFIF4,-,R,N
M0215_2554,ASP-ACFIXED9,-,R,N
M0223_2555,ASP-PRIME,-,R,N
M0227_2557,ASP-CHINA,AM,R,N
M0229_2551,ASP-STAR,-,R,N
M0230_2551,ASP-P12M,-,R,N
M0232_2551,ASP-TOP,-,R,N
M0245_2560,ASPGIPLUS,OT,R,N
M0256_2552,ASP-TFIXED4,OT,R,N
M0257_2552,ASP-S&P500,OT,R,N
M0257_2554,ASP-THAIFIXED1,-,R,N
M0271_2561,ASP-DISRUPTRMF,AM,R,N
M0274_2554,ASP-TFIXED1,-,R,N
M0279_2553,ASP-SET50,-,R,N
M0286_2559,ASP-GLOBE,OT,R,N
M0298_2561,ASP-VIETRMF,AM,R,N
M0301_2552,ASP-TFIXED5,OT,R,N
M0318_2554,ASP-TFIXED2,OT,R,N
M0333_2551,ASP-TFIXED8,-,R,N
M0333_2560,ASP-SME,AM,R,N
M0337_2561,ASP-INDIA,OT,R,N
M0347_2560,ASP-FLEXPLUS,AM,R,N
M0364_2561,ASP-EVOCHINA,AM,R,N
M0375_2554,ASP-TFIXED3,OT,R,N
M0376_2550,FIF-FIXED6M11,-,R,N
M0384_2552,ACFIF8,-,R,N
M0400_2549,ASP-GLTF,AM,R,N
M0404_2550,FIF-FIXED3M9,-,R,N
M0407_2560,ASP-TFIXED10,OT,R,N
M0417_2560,ASP-ROBOT,AM,R,N
M0424_2550,ASP-BRIC,OT,R,N
M0426_2550,SVF,-,R,N
M0428_2550,ASP-ASIAN,OT,R,N
M0441_2552,ASP-HSI,OT,R,N
M0466_2556,ASP-PRIME6,-,R,N
M0475_2550,ASP-SSF18/18,-,R,N
M0486_2552,ASP-TFIXED 6,-,R,N
M0488_2561,ASP-AAA,AM,R,N
M0502_2555,ASP-PRIME2,-,R,N
M0542_2560,ASP-ROBOTRMF,AM,R,N
M0547_2558,ASP-USEQ,-,R,N
M0549_2560,ASP-TFIXED11,OT,R,N
M0560_2551,ASP-ACGOV1,-,R,N
M0568_2560,ASP-SMELTF,AM,R,N
M0592_2547,ASP-LTF,AM,R,N
M0602_2555,ASP-MAST,-,R,N
M0609_2551,ASP-ACFIXED4,-,R,N
M0610_2551,ASP-TFIXED7,OT,R,N
M0629_2560,ASP-VIET,AM,R,N
M0634_2551,ASP-ACGOV4,-,R,N
M0635_2551,ASP-ACGOV5,-,R,N
M0636_2547,ASP-MMF1,OT,R,N
M0644_2547,ASP-GDF,AM,R,N
M0659_2556,ASP-TRIGGER4/4,AM,R,N
M0675_2557,ASP-TRIGGER5,-,R,N
M0711_2551,ASP-ACFIXED6,-,R,N
M0712_2551,ASP-ACGOV6,-,R,N
M0715_2548,ASP2,AM,R,N
M0735_2562,ASP-PROPIN,AM,R,N
M0738_2554,ASP-TFIXED9,BH,R,N
M0760_2548,ASP-GAF,OT,R,N
M0776_2547,ASP-ERF,AM,R,N
M0785_2547,ASP-MRF,AM,R,N
M0787_2547,ASP-FRF,AM,R,N
M0821_2556,ASP-STARS9,AM,R,N
M0846_2548,ASP-GBF,-,R,N
M0852_2557,ASP-THBOND,-,R,N
M0911_2553,ASP-SMART8,-,R,N
M0928_2547,ASP-MMF2,OT,R,N
M0934_2550,FIF-FIXED3M10,-,R,N
M0938_2550,ASP-P6M3,-,R,N
M0976_2553,ASP-SMART9,-,R,N
M0009_2561,PHATRA GNP-H FUND,OT,R,N
M0031_2550,MAX SP6/3,-,R,N
M0064_2555,KK US 7%#2,-,R,N
M0069_2549,KK SP1,-,R,N
M0070_2549,KK SP3,-,R,N
M0078_2559,PHATRA SMART MV,OT,R,N
M0079_2550,MAX SP6/4,-,R,N
M0087_2549,MAX SP6,-,R,N
M0090_2549,MAX SP9,-,R,N
M0109_2551,PHATRA GHC,OT,R,N
M0112_2555,KK TARGET 7%#2,-,R,N
M0114_2553,NKT LSCOM,-,R,N
M0135_2551,PHATRA MP FUND,AM,R,N
M0164_2563,PHATRA SET50 ESG FUND,SM,R,N
M0177_2553,KK GOLD,-,R,N
M0179_2555,KK GEM 7%#1,-,R,N
M0182_2549,KK SP6/1,-,R,N
M0184_2561,PHATRA SG-AA RMF,AM,R,N
M0197_2555,KK FIX RETURN D,-,R,N
M0209_2554,PHATRA SG-AA FUND,AM,R,N
M0236_2549,KK SP3/1,-,R,N
M0316_2562,PHATRA PGE FUND,OT,R,N
M0319_2549,KK SP3/2,-,R,N
M0336_2555,KK REITs 7%#1,-,R,N
M0340_2555,KK BRIC 7%#1,-,R,N
M0357_2547,MAX EQ,-,R,N
M0359_2547,PHATRA PLUS FUND,AM,R,N
M0363_2559,PHATRA SM CAP,AM,R,N
M0366_2561,PHATRA GNP RMF-H,OT,R,N
M0369_2561,PHATRA GNP RMF-UH,OT,R,N
M0371_2550,TNWW,-,R,N
M0376_2555,PHATRA DIVIDEND FUND,AM,R,N
M0414_2547,PHATRA INRMF FUND,SM,R,N
M0414_2550,URBNPF,-,R,N
M0415_2549,MAX SP6/2,-,R,N
M0423_2547,PHATRA BLRMF,AM,R,N
M0426_2547,PHATRA EQRMF,AM,R,N
M0468_2550,MAX FIX IN 12,-,R,N
M0471_2561,PHATRA SG-AA Extra FUND,AM,R,N
M0473_2550,MAX FIX IN 6/1,-,R,N
M0491_2550,MAX FIX IN3/1,-,R,N
M0493_2552,KK CH,-,R,N
M0502_2550,MAX FIX IN3/2,-,R,N
M0512_2561,PHATRA SG-AA Light FUND,AM,R,N
M0518_2560,PHATRA G-UBOND-H FUND,OT,R,N
M0519_2560,PHATRA G-UBOND-UH,OT,R,N
M0526_2558,PHATRA ACT FIXED FUND,AM,R,N
M0529_2556,PHATRA PROP-D FUND,AM,R,N
M0561_2559,PHATRA SmartMV LTF,OT,R,N
M0581_2554,PHATRA MM,-,R,N
M0582_2554,PHATRA ACT EQ,AM,R,N
M0586_2554,KK TARGET 7%#1,-,R,N
M0601_2547,PHATRA LTFD,AM,R,N
M0626_2553,KK SET50,-,R,N
M0645_2558,PHATRA GNP,OT,R,N
M0648_2553,KK OIL,-,R,N
M0650_2554,KK CHINA 10%#1,-,R,N
M0652_2554,KK US 7%#1,-,R,N
M0669_2552,PHATRA MMRMF FUND,SM,R,N
M0691_2554,KK GEN 7%#1,-,R,N
M0742_2562,PHATRA SG-AA Ultra Light,AM,R,N
M0743_2562,PHATRA GINFRAEQ FUND,OT,R,N
M0773_2554,PHATRA PROP,AM,R,N
M0782_2555,KK GPROP,-,R,N
M0847_2554,PHATRA PROPRMF,AM,R,N
M0907_2556,PHATRA GLOBAL BOND,-,R,N
M0917_2556,PHATRA GLOBAL EQ,-,R,N
M0985_2554,KK GOLD 7%#1,AM,R,N
M0006_2561,PRINCIPAL GMV,OT,R,N
M0009_2554,TNPF,-,R,N
M0010_2554,CIMB-PRINCIPAL GLOBAL BOND,-,R,N
M0016_2550,CIMB-PRINCIPAL P3M2,-,R,N
M0025_2558,CPAM APDE 3+3,-,R,N
M0039_2556,CIMB-PRINCIPAL (FAM) FIPR3M7,-,R,N
M0046_2555,PRINCIPAL GOLD8P,SM,R,N
M0052_2555,CIMB-PRINCIPAL (FAM) FIPR6M1,-,R,N
M0060_2561,PRINCIPAL GPS,OT,R,N
M0062_2550,CIMB-PRINCIPAL P3M3,-,R,N
M0068_2549,CIMB-PRINCIPAL 3M3,-,R,N
M0074_2560,PRINCIPAL GREITs,AM,R,N
M0077_2557,PRINCIPAL GEF,SM,R,N
M0081_2549,T-FOCUS,-,R,N
M0088_2549,CIMB-PRINCIPAL 3M2,-,R,N
M0117_2555,PRINCIPAL DEF,AM,R,N
M0146_2555,PRINCIPAL iDAILY,SM,R,N
M0148_2553,PRINCIPAL CII,AM,R,N
M0157_2559,PRINCIPAL GEQ,SM,R,N
M0158_2551,CIMB-PRINCIPAL EQUITY,-,R,N
M0161_2549,CIMB-PRINCIPAL 6M5,-,R,N
M0166_2560,PRINCIPAL GOPP,OT,R,N
M0169_2555,PRINCIPAL GOLD8P2,SM,R,N
M0173_2554,CIMB-PRINCIPAL COMMODITIES,-,R,N
M0175_2561,CIMB-PRINCIPAL VNG,AM,R,N
M0191_2549,CIMB-PRINCIPAL P3M1,-,R,N
M0192_2549,CIMB-PRINCIPAL P6M3,-,R,N
M0193_2549,CIMB-PRINCIPAL P12M11,-,R,N
M0196_2556,CIMB-PRINCIPAL TG8P4,SM,R,N
M0201_2561,PRINCIPAL iPROPPLUS,AM,R,N
M0226_2554,SSTPF,-,R,N
M0231_2556,CIMB-PRINCIPAL CHINA6+6P,-,R,N
M0231_2559,PRINCIPAL SIF,AM,R,N
M0244_2552,MONTRI,-,R,N
M0263_2555,CIMB-PRINCIPAL (FAM) FIPR6M2,-,R,N
M0264_2557,PRINCIPAL GSCEQ,OT,R,N
M0267_2553,SBPF,-,R,N
M0277_2555,PRINCIPAL iDIV,SM,R,N
M0288_2549,CIMB-PRINCIPAL 3M1,-,R,N
M0304_2561,PRINCIPAL CHEQ,AM,R,N
M0305_2558,CIMB-PRINCIPAL APDI 3+3 (2),SM,R,N
M0309_2558,PRINCIPAL EUEQ,SM,R,N
M0313_2557,CPAM KOEQ2.5x4,SM,R,N
M0346_2549,PRINCIPAL DAILY FIX,AM,R,N
M0351_2548,PRINCIPAL EEF,SM,R,N
M0356_2552,CIMB-PRINCIPAL ASEAN,-,R,N
M0362_2549,PRINCIPAL GCF,AM,R,N
M0402_2549,CIMB-PRINCIPAL P6M6,-,R,N
M0405_2557,PRINCIPAL KOS,SM,R,N
M0411_2555,CIMB-PRINCIPAL TG8P2,-,R,N
M0412_2548,PRINCIPAL LTF,AM,R,N
M0414_2548,PRINCIPAL 70LTFD,AM,R,N
M0415_2548,PRINCIPAL EQRMF,AM,R,N
M0420_2548,PRINCIPAL FIRMF,AM,R,N
M0420_2549,CIMB-PRINCIPAL FIX A,-,R,N
M0423_2560,PRINCIPAL VNEQ,AM,R,N
M0435_2551,EQ-DAILY,-,R,N
M0442_2556,CIMB-PRINCIPAL TG4+4P,-,R,N
M0460_2555,CIMB-PRINCIPAL (FAM) FIPR6M4,-,R,N
M0488_2556,CIMB-PRINCIPAL ASEAN 40,-,R,N
M0498_2558,PRINCIPAL GSA,SM,R,N
M0499_2551,BTP6M1,-,R,N
M0518_2557,CIMB-PRINCIPAL KEQ2x4,SM,R,N
M0519_2557,PRINCIPAL APEQ,SM,R,N
M0520_2555,CIMB-PRINCIPAL (FAM) FIPR6M5,-,R,N
M0523_2561,PRINCIPAL GINNO,AM,R,N
M0528_2562,PRINCIPAL GBRAND,AM,R,N
M0530_2551,PRINCIPAL TREASURY,AM,R,N
M0556_2557,CPAM INEQ2.5x4,-,R,N
M0560_2556,PRINCIPAL iBALANCED,SM,R,N
M0565_2553,CIMB-PRINCIPAL GOLD,-,R,N
M0567_2553,CIMB-PRINCIPAL OIL,-,R,N
M0581_2560,PRINCIPAL GFIXED,OT,R,N
M0613_2555,PRINCIPAL iGOLD,SM,R,N
M0625_2562,PRINCIPAL iPROPEN,AM,R,N
M0653_2554,PRINCIPAL APDI,SM,R,N
M0654_2550,BTP6M4,-,R,N
M0657_2548,CIMB-PRINCIPAL (FAM) GAF,SM,R,N
M0670_2557,CIMB-PRINCIPAL TG3+3P,-,R,N
M0694_2559,PRINCIPAL TDIF,AM,R,N
M0715_2555,PRINCIPAL iFIXED,SM,R,N
M0726_2557,CIMB-PRINCIPAL INEQ 3+3,SM,R,N
M0760_2557,CIMB-PRINCIPAL APDI 3+3,-,R,N
M0761_2557,CIMB-PRINCIPAL APDI 2X4,-,R,N
M0762_2558,PRINCIPAL GIF,SM,R,N
M0791_2556,PRINCIPAL JEQ,AM,R,N
M0795_2547,PRINCIPAL ELTF,SM,R,N
M0803_2555,CIMB-PRINCIPAL TG8P3,SM,R,N
M0805_2554,PRINCIPAL BARMF,SM,R,N
M0821_2548,PRINCIPAL PRMF,AM,R,N
M0830_2547,PRINCIPAL AARMF,AM,R,N
M0872_2554,CIMB-PRINCIPAL TG8P,-,R,N
M0888_2555,PRINCIPAL iPROPRMF,AM,R,N
M0912_2553,CIMB-PRINCIPAL (FAM) ACF,-,R,N
M0939_2553,PRINCIPAL iPROP,AM,R,N
M0969_2556,CIMB-PRINCIPAL USEQ,-,R,N
M0976_2556,PRINCIPAL KEQ,SM,R,N
M1142_2557,PRINCIPAL APDIRMF,SM,R,N
M1172_2557,CIMB-PRINCIPAL MSCEQ,-,R,N
M1218_2557,PRINCIPAL DPLUS,AM,R,N
M0017_2551,S-DPF,-,R,N
M0020_2555,S-FR 6M1,-,R,N
M0024_2552,S-MMF,AM,R,N
M0062_2555,S-FR 6M2,-,R,N
M0121_2554,S-FR 4M3,-,R,N
M0177_2560,S-SETSCOPE,AM,R,N
M0193_2554,S-FR 4M4,-,R,N
M0245_2553,S-OIL,-,R,N
M0257_2550,EP-LTF,AM,R,N
M0319_2550,FP-DF,-,R,N
M0359_2552,I-EQRMF,AM,R,N
M0438_2551,S-FRMF,AM,R,N
M0445_2556,S-MS 8RT,-,R,N
M0496_2554,Sâ€“GOLD,-,R,N
M0600_2552,S-FI 9R,-,R,N
M0657_2554,S-FR 4M2,-,R,N
M0866_2557,S-EQSTAR,AM,R,N
M0877_2554,S-FR 3M1,BH,R,N
M0991_2553,S-FR 4M1,-,R,N
M1143_2557,S-Trig 3+3#2,AM,R,N
M0087_2563,PBOND,AM,R,N
M0098_2551,PFIXRMF,AM,R,N
M0173_2553,PHR,-,R,N
M0244_2550,P-LTF,AM,R,N
M0249_2561,PWIN,AM,R,N
M0281_2550,PCASH,AM,R,N
M0377_2550,PAP,-,R,N
M0430_2556,PEQ,AM,R,N
M0528_2550,PFIX,-,R,N
M0557_2551,PMIXRMF,AM,R,N
M0027_2559,MS-GAA,OT,R,N
M0043_2561,MN-USBANK,AM,R,N
M0043_2562,MN-AEPLUS,OT,R,N
M0114_2557,MS-EUROPE,OT,R,N
M0125_2553,MS-ASIAN SM,OT,R,N
M0131_2558,MS-INDIA,OT,R,N
M0133_2561,MN-USBANK,OT,R,N
M0202_2561,MN-STABLE,OT,R,N
M0207_2561,MN-BALANCE,OT,R,N
M0209_2561,MN-DYNAMIC,OT,R,N
M0225_2550,MS-CHINA VALUE,OT,R,N
M0234_2550,MS-CORE LTF-M,AM,R,N
M0235_2550,MS-CORE EQ,AM,R,N
M0284_2550,MS-EQ VALUE,-,R,N
M0285_2560,MN-APREIT,AM,R,N
M0318_2551,MS-GLB RES,-,R,N
M0376_2557,MS-ASM RMF,OT,R,N
M0390_2550,MS-EE EURO,OT,R,N
M0493_2557,MS-HCARE,OT,R,N
M0500_2554,MS-BALANCE,-,R,N
M0521_2550,MS-MONEY,AM,R,N
M0554_2555,MS-AMERICAN,OT,R,N
M0595_2551,MS-EQ DIV,AM,R,N
M0596_2551,MS-LATAM,-,R,N
M0597_2557,MS-APEQ INCOME,-,R,N
M0721_2551,MS-FLEX RMF,AM,R,N
M0967_2555,MS-EQ INCOME,-,R,N
M0096_2559,M-EUR,AM,R,N
M0486_2558,M-USA,-,R,N
M0554_2553,KECASH,-,R,N
M0665_2557,M-AEF,-,R,N
M0708_2557,M-MMF,-,R,N
M0750_2557,MUS,-,R,N
M0751_2557,MEU,-,R,N
M0752_2557,MEM,-,R,N
M0753_2557,MJP,-,R,N
M0024_2561,LHEURO,OT,R,N
M0031_2561,LHEM-E,OT,R,N
M0058_2563,LHWPLUS,AM,R,N
M0059_2561,LHDIGITAL,OT,R,N
M0062_2560,LHSTRATEGY,AM,R,N
M0079_2556,LHFI3M6R,-,R,N
M0113_2556,LHGROWTH,AM,R,N
M0116_2556,LHFI3M7R,-,R,N
M0121_2561,LHGFIN,OT,R,N
M0135_2563,LHSMARTDSSF,AM,R,N
M0137_2558,LHPROUD,-,R,N
M0144_2556,LHFL,AM,R,N
M0163_2559,LHPROPINFRA,AM,R,N
M0181_2555,LHPF,-,R,N
M0195_2559,LHIP,AM,R,N
M0195_2561,LHGEQ,OT,R,N
M0204_2559,LHPROPA,AM,R,N
M0215_2560,LHASIA-EXJSM,OT,R,N
M0220_2559,LHSMART,AM,R,N
M0228_2563,LHCHINA,OT,R,N
M0288_2561,LHGMA,OT,R,N
M0290_2559,LHSELECT,AM,R,N
M0315_2560,LHGINCOME,AM,R,N
M0322_2560,LHSELECT,AM,R,N
M0324_2559,LHGOLD,OT,R,N
M0330_2559,LHENERGY,AM,R,N
M0344_2555,LHFI2M3R,-,R,N
M0377_2558,LHMS,-,R,N
M0391_2559,LHASIA EX-JP,OT,R,N
M0404_2549,QHPF,-,R,N
M0413_2558,LHMSFL,AM,R,N
M0425_2560,LHGLIFE-E,OT,R,N
M0433_2555,LHDEBT,AM,R,N
M0435_2559,LHSMARTLTF,AM,R,N
M0451_2554,LHFI3M1R,BH,R,N
M0491_2560,LHTOPPICK,AM,R,N
M0496_2555,LHEQD,AM,R,N
M0500_2560,LHGINCOMERMF,AM,R,N
M0503_2561,LHEQDPLUS,AM,R,N
M0504_2559,LHSTPLUS,AM,R,N
M0517_2562,LHOPP,AM,R,N
M0524_2558,LHPROP-I,AM,R,N
M0526_2555,QHHR,-,R,N
M0545_2556,LHTPROP,AM,R,N
M0556_2558,LHB-SECTOR,-,R,N
M0563_2562,LHPROP-G,OT,R,N
M0567_2559,LHACTLTF,AM,R,N
M0579_2560,LHINDIA-E,AM,R,N
M0582_2560,LHSTGLTF,AM,R,N
M0617_2558,LHJAP-E,OT,R,N
M0626_2558,LHTPROPRMF,AM,R,N
M0645_2555,LHGOV,AM,R,N
M0658_2560,LHROBOT-E,OT,R,N
M0685_2554,LHFI3M2R,BH,R,N
M0704_2554,LHFI3M3R,-,R,N
M0706_2554,LHFI3M4R,-,R,N
M0709_2554,LHPP1,-,R,N
M0714_2554,LHGR1,-,R,N
M0727_2556,LHFI3M8R,-,R,N
M0746_2554,LHFI2M1R,-,R,N
M0756_2556,LHTRIG3+4S2,-,R,N
M0776_2556,LHFFI3M1R,-,R,N
M0816_2554,LHFI2M2R,-,R,N
M0881_2554,LHMM,AM,R,N
M0885_2555,LHFLRMF,AM,R,N
M0890_2555,LHGOVRMF,AM,R,N
M0967_2556,LHFIP3M1,-,R,N
M0988_2555,LHFI3M5R,-,R,N
M0016_2563,BCAP-USND100,OT,R,N
M0096_2562,BCAP-GW25,AM,R,N
M0146_2562,BCAP-GW10,AM,R,N
M0147_2562,BCAP-GW50,AM,R,N
M0148_2562,BCAP-GW75,AM,R,N
M0149_2562,BCAP-GW90,AM,R,N
M0186_2563,BCAP-GTAC,AM,R,N
M0439_2562,BCAP-MFIX,AM,R,N
M0462_2562,BCAP-GFIO,AM,R,N
M0590_2562,BCAP-GFIA,AM,R,N
M0619_2562,BCAP-GE,AM,R,N
M0697_2562,BCAP-GPROP,AM,R,N
M0699_2562,BCAP-TEQ,AM,R,N
M0071_2561,TLDIVEQ-D,AM,R,N
M0485_2560,TLEQ-THAICG,AM,R,N
M0532_2559,TLFLEX,AM,R,N
M0585_2559,TLLTFEQ,AM,R,N
M0596_2559,TLFLEXRMF,AM,R,N
M0598_2559,TLEQRMF,AM,R,N
M0614_2560,TLDIVLTF-D,AM,R,N
M0616_2560,TLDIVRMF,AM,R,N
M0628_2559,TLMMRMF,AM,R,N
M0669_2559,TLMMF,AM,R,N
M0681_2559,TLEQ,AM,R,N
M0683_2559,TLMSEQ,AM,R,N
M0024_2563,WE-EM8M,AM,R,N
M0027_2563,WE-TRBOND,OT,R,N
M0105_2562,WE-MONEY,SM,R,N
M0105_2563,WE-GIHEALTH,AM,R,N
M0113_2563,WE-GEDUCATION,OT,R,N
M0137_2562,WE-INCOME,AM,R,N
M0203_2562,WE-US6M,AM,R,N
M0246_2562,WE-CHINA6M,AM,R,N
M0252_2562,WE-GTECH,OT,R,N
M0310_2562,WE-INDIA9M,AM,R,N
M0318_2562,WE-GTECH8M,AM,R,N
M0354_2562,WE-GA5M,AM,R,N
M0498_2562,WE-MULTI,OT,R,N
M0547_2562,WE-GOLD,OT,R,N
M0601_2562,WE-GSECURE,OT,R,N
M0641_2562,WE-USREIT,OT,R,N
M0683_2562,WE-GEQUITY,OT,R,N
M0737_2562,WE-THEQ,AM,R,N
